audit_id,gen_s,finish_reason,verdict,unknown_tables,unknown_columns,issues,sql,question
611,57.9,stop,FAIL,Maintenance_Master,,[unknown_table] Table 'Maintenance_Master' does not exist in the schema.,SELECT COUNT(*) AS NonFunctional FROM Maintenance_Master mm WHERE (mm.IsDeleted = 0 OR mm.IsDeleted IS NULL) AND mm.BranchID IN (SELECT Id FROM Branch_Academic_Details WHERE GETDATE() BETWEEN Start_Date AND End_Date AND Branch_Id IN (<scoping>)) AND mm.Status_ID = 2,"How many smart boards, projectors, or tablets are currently under maintenance or non-functional?"
609,37.3,stop,FAIL,InventoryEntry; InventoryEntryDetails; Vendor_Master,FeesCollection.Vendor_ID,[unknown_table] Table 'InventoryEntryDetails' does not exist in the schema. | [unknown_table] Table 'InventoryEntry' does not exist in the schema. | [unknown_table] Table 'Vendor_Master' does not exist in the schema. | [unknown_column] Column 'Vendor_ID' does not exist on table 'FeesCollection' (referenced as 'fc2.Vendor_ID'). | [unknown_column] Column 'Vendor_ID' does not exist on table 'FeesCollection' (referenced as 'fc2.Vendor_ID').,"SELECT TOP 1 v.Name AS VendorName, SUM(ied.Quantity) AS TotalQuantity, SUM(ied.Amount) AS TotalAmount, CASE WHEN SUM(paid.Amt) IS NULL THEN 0 ELSE SUM(paid.Amt) END AS PaidAmount, SUM(ied.Amount) - COALESCE(SUM(paid.Amt), 0) AS Outstanding FROM InventoryEntryDetails ied INNER JOIN InventoryEntry ie ON ied.HeaderID = ie.ID INNER JOIN Vendor_Master v ON ie.Vendor_ID = v.Id LEFT JOIN (SELECT fc2.Vendor_ID, ISNULL(SUM(fc2.Receipt_Amt), 0) AS Amt FROM FeesCollection fc2 WHERE fc2.ChequeStatus_ID IN (1, 2) AND (fc2.IsDeleted = 0 OR fc2.IsDeleted IS NULL) AND YEAR(fc2.Bill_Date) = YEAR(GETDATE()) GROUP BY fc2.Vendor_ID) paid ON ied.Vendor_ID = paid.Vendor_ID WHERE ie.BranchID IN (SELECT Branch_Id FROM Branch_Academic_Details WHERE GETDATE() BETWEEN Start_Date AND End_Date) AND YEAR(ie.EntryDate) = YEAR(GETDATE()) AND (ie.IsDeleted = 0 OR ie.IsDeleted IS NULL) GROUP BY v.Name ORDER BY TotalAmount DESC","Which vendor has supplied the most inventory this year, and what is their pending payment status?"
607,11.4,stop,FAIL,LibraryIssueMaster; LibraryMemberShip,,[unknown_table] Table 'LibraryIssueMaster' does not exist in the schema. | [unknown_table] Table 'LibraryMemberShip' does not exist in the schema.,SELECT COUNT(*) AS LostOrOverdue FROM LibraryIssueMaster lim INNER JOIN LibraryMemberShip lmm ON lim.Member_ID = lmm.MemberID WHERE (lim.IsDeleted = 0 OR lim.IsDeleted IS NULL) AND lmm.IsActive = 1 AND (lim.IssueStatus_ID = 4 OR (GETDATE() > lim.ReturnDate AND lim.ReturnDate IS NOT NULL)),How many library books are currently marked as lost or overdue by students?
604,10.6,stop,FAIL,FixedAssetDetails; FixedAssetMaster,UserAccountRoleDetails.Branch_Id,[unknown_table] Table 'FixedAssetDetails' does not exist in the schema. | [unknown_table] Table 'FixedAssetMaster' does not exist in the schema. | [unknown_column] Column 'Branch_Id' does not exist on table 'UserAccountRoleDetails' (selected in the scoping subquery's select-list) — did you mean 'BranchID'?.,SELECT SUM(fad.PurchaseAmount) AS TotalFixedAssetValue FROM FixedAssetDetails fad INNER JOIN FixedAssetMaster fam ON fad.FixedAssetID = fam.Id WHERE fam.BranchID IN (SELECT Branch_Id FROM UserAccountRoleDetails WHERE UserID = @UserId) AND fam.IsDeleted = 0 AND fad.IsDeleted = 0,"What is the total current value of fixed assets (computers, lab equipment, furniture) registered in the ERP?"
603,15.0,stop,FAIL,,UserAccountRoleDetails.Branch_Id,[unknown_column] Column 'Branch_Id' does not exist on table 'UserAccountRoleDetails' (selected in the scoping subquery's select-list) — did you mean 'BranchID'?.,"SELECT SUM(CASE WHEN Category_Name IN ('Textbook', 'Workbook') THEN 1 ELSE 0 END) AS TextbooksAndNotebooks FROM InventoryItem_Master iim INNER JOIN Branch_Academic_Details bad ON iim.AcademicYearID = bad.Id WHERE GETDATE() BETWEEN bad.Start_Date AND bad.End_Date AND iim.BranchID IN (SELECT Branch_Id FROM UserAccountRoleDetails WHERE UserID = @UserId) AND (iim.IsDeleted = 0 OR iim.IsDeleted IS NULL)",How many textbooks and notebooks are available in the school store for the next term?
602,9.1,stop,FAIL,,InventoryItem_Master.Item_Type_Name; InventoryItem_Master.Size_Name; UserAccountRoleDetails.Branch_Id,"[unknown_column] Column 'Size_Name' does not exist on table 'InventoryItem_Master' (unqualified reference, single-table query). | [unknown_column] Column 'Item_Type_Name' does not exist on table 'InventoryItem_Master' (unqualified reference, single-table query). | [unknown_column] Column 'Branch_Id' does not exist on table 'UserAccountRoleDetails' (selected in the scoping subquery's select-list) — did you mean 'BranchID'?.","SELECT Size_Name, SUM(Quantity) AS TotalStock FROM InventoryItem_Master iim WHERE Item_Type_Name = 'School Uniform' AND BranchID IN (SELECT Branch_Id FROM UserAccountRoleDetails WHERE UserID = @UserId) AND IsDeleted = 0 GROUP BY Size_Name ORDER BY TotalStock ASC","What is the current stock level of school uniforms, and which sizes are running low?"
600,11.4,stop,FAIL,MaintenanceRepairCost,,[unknown_table] Table 'MaintenanceRepairCost' does not exist in the schema.,"SELECT SUM(mrc.Amount) AS TotalMaintenance FROM MaintenanceRepairCost mrc WHERE mrc.BranchID IN (SELECT Branch_Id FROM Branch_Academic_Details WHERE GETDATE() BETWEEN Start_Date AND End_Date) AND mrc.CreatedDate >= DATEADD(QUARTER, -1, GETDATE()) AND (mrc.IsDeleted = 0 OR mrc.IsDeleted IS NULL)",What is the total maintenance and repair cost incurred for the fleet in the last quarter?
597,9.6,stop,FAIL,VehicleTrackingAlerts,,[unknown_table] Table 'VehicleTrackingAlerts' does not exist in the schema.,"SELECT COUNT(*) AS Alerts FROM VehicleTrackingAlerts vta WHERE vta.Created_Date >= DATEADD(DAY, -DATEPART(WEEKDAY, GETDATE()) + 1, CAST(GETDATE() AS DATE)) AND (vta.IsDeleted = 0 OR vta.IsDeleted IS NULL)","How many GPS tracking alerts (e.g., overspeeding, route deviation, unauthorized stops) were triggered this week?"
595,13.7,stop,FAIL,FuelConsumption_Details,,[unknown_table] Table 'FuelConsumption_Details' does not exist in the schema.,"SELECT AVG(fcd.Fuel_Required) AS AvgFuelPerMonth, AVG(fcd.Amount) AS AvgCostPerMonth FROM FuelConsumption_Details fcd WHERE fcd.BranchID IN (SELECT Branch_Id FROM Branch_Academic_Details WHERE GETDATE() BETWEEN Start_Date AND End_Date) AND fcd.AcademicYearID = (SELECT Id FROM Branch_Academic_Details WHERE GETDATE() BETWEEN Start_Date AND End_Date) AND fcd.IsDeleted = 0",What is the average monthly fuel consumption and cost per vehicle?
594,11.9,stop,FAIL,ParentComplaint,,[unknown_table] Table 'ParentComplaint' does not exist in the schema.,"SELECT TOP 10 rm.Name AS RouteName, COUNT(*) AS Complaints FROM ParentComplaint pc INNER JOIN Route_Master rm ON pc.Route_ID = rm.ID WHERE MONTH(pc.ComplaintDate) = MONTH(GETDATE()) AND YEAR(pc.ComplaintDate) = YEAR(GETDATE()) AND (pc.IsDeleted = 0 OR pc.IsDeleted IS NULL) GROUP BY rm.Name ORDER BY COUNT(*) DESC",Which bus routes have the highest number of parent complaints or delays this month?
591,10.3,stop,FAIL,StaffVerificationMaster,UserAccountRoleDetails.Branch_Id,[unknown_table] Table 'StaffVerificationMaster' does not exist in the schema. | [unknown_column] Column 'Branch_Id' does not exist on table 'UserAccountRoleDetails' (selected in the scoping subquery's select-list) — did you mean 'BranchID'?.,SELECT COUNT(*) AS PendingVerifications FROM Staff_Master sm INNER JOIN StaffVerificationMaster svm ON sm.Staff_ID = svm.StaffID WHERE sm.BranchID IN (SELECT Branch_Id FROM UserAccountRoleDetails WHERE UserID = @UserId) AND (sm.IsDeleted IS NULL OR sm.IsDeleted = 0) AND svm.VerificationStatus_ID = 1,How many new staff background verification checks are pending completion?
590,22.8,stop,FAIL,PerformanceParameterCountDetails,UserAccountRoleDetails.Branch_Id,[unknown_table] Table 'PerformanceParameterCountDetails' does not exist in the schema. | [unknown_column] Column 'Branch_Id' does not exist on table 'UserAccountRoleDetails' (selected in the scoping subquery's select-list) — did you mean 'BranchID'?. | [unknown_column] Column 'Branch_Id' does not exist on table 'UserAccountRoleDetails' (selected in the scoping subquery's select-list) — did you mean 'BranchID'?.,"SELECT sm.Staff_FirstName + ' ' + sm.Staff_LastName AS StaffName, ppc.AssessmentDate, ppc.Grade, ppc.Remarks FROM PerformanceParameterCountDetails ppc INNER JOIN Staff_Master sm ON ppc.StaffID = sm.Staff_ID WHERE ppc.BranchID IN (SELECT Branch_Id FROM UserAccountRoleDetails WHERE UserID = @UserId) AND ppc.AcademicYearID IN (SELECT Id FROM Branch_Academic_Details WHERE GETDATE() BETWEEN Start_Date AND End_Date AND Branch_Id IN (SELECT Branch_Id FROM UserAccountRoleDetails WHERE UserID = @UserId)) AND (ppc.IsDeleted IS NULL OR ppc.IsDeleted = 0) AND ppc.Grade < 'B' ORDER BY ppc.AssessmentDate DESC",Can you list staff members whose recent performance appraisal scores are below the expected threshold?
589,9.5,stop,FAIL,,LeaveEntryMaster.NetPay; LeaveEntryMaster.PaidAmount; UserAccountRoleDetails.Branch_Id,[unknown_column] Column 'NetPay' does not exist on table 'LeaveEntryMaster' (referenced as 'lem.NetPay'). | [unknown_column] Column 'PaidAmount' does not exist on table 'LeaveEntryMaster' (referenced as 'lem.PaidAmount'). | [unknown_column] Column 'Branch_Id' does not exist on table 'UserAccountRoleDetails' (selected in the scoping subquery's select-list) — did you mean 'BranchID'?.,SELECT SUM(lem.NetPay - lem.PaidAmount) AS TotalPending FROM LeaveEntryMaster lem WHERE (lem.IsDeleted = 0 OR lem.IsDeleted IS NULL) AND lem.LeaveStatus_ID = 1 AND lem.BranchID IN (SELECT Branch_Id FROM UserAccountRoleDetails WHERE UserID = @UserId),What is the total amount of staff advance or salary loan pending recovery?
587,27.3,stop,PASS,,,,"SELECT lem.Staff_ID, sm.Staff_FirstName + ' ' + sm.Staff_LastName AS StaffName FROM LeaveEntryMaster lem JOIN Staff_Master sm ON lem.Staff_ID = sm.Staff_ID WHERE (lem.IsDeleted = 0 OR lem.IsDeleted IS NULL) AND lem.LeaveStatus_ID = 1 AND MONTH(lem.LeaveFromDate) = MONTH(GETDATE()) AND YEAR(lem.LeaveFromDate) = YEAR(GETDATE()) AND NOT EXISTS (SELECT 1 FROM Staff_Attendance sa WHERE sa.Attendance_Date >= DATEADD(MONTH, DATEDIFF(MONTH, 0, lem.LeaveFromDate), 0) AND sa.Attendance_Date <= DATEADD(MONTH, DATEDIFF(MONTH, -1, lem.LeaveToDate), -1) AND sa.Staff_ID = lem.Staff_ID AND (sa.Attendance_Status_ID = 1 OR sa.Attendance_Status_ID = 2))",Are there any discrepancies between biometric attendance and approved leave applications this month?
584,16.9,stop,FAIL,,UserAccountRoleDetails.Branch_Id,[unknown_column] Column 'Branch_Id' does not exist on table 'UserAccountRoleDetails' (selected in the scoping subquery's select-list) — did you mean 'BranchID'?.,"SELECT CAST(AVG(CAST(YearsOfExperience AS FLOAT)) AS DECIMAL(5,1)) AS AvgExperience FROM ( SELECT sm.Staff_ID, DATEDIFF(YEAR, sm.Staff_DOJ, GETDATE()) AS YearsOfExperience FROM Staff_Master sm JOIN SubjectAllocation_Master sam ON sm.Staff_ID = sam.Staff_ID WHERE sm.StaffStatus_ID = 1 AND (sam.IsDeleted IS NULL OR sam.IsDeleted = 0) AND sm.BranchID IN (SELECT Branch_Id FROM UserAccountRoleDetails WHERE UserID = @UserId) ) AS TeachingStaff",What is the average years of experience of the teaching faculty in the senior secondary wing?
583,14.5,stop,FAIL,,Staff_Master.IsPOCSOCompleted; Staff_Master.IsPOSHCompleted; UserAccountRoleDetails.Branch_Id,[unknown_column] Column 'IsPOSHCompleted' does not exist on table 'Staff_Master' (referenced as 'sm.IsPOSHCompleted'). | [unknown_column] Column 'IsPOSHCompleted' does not exist on table 'Staff_Master' (referenced as 'sm.IsPOSHCompleted'). | [unknown_column] Column 'IsPOCSOCompleted' does not exist on table 'Staff_Master' (referenced as 'sm.IsPOCSOCompleted'). | [unknown_column] Column 'IsPOCSOCompleted' does not exist on table 'Staff_Master' (referenced as 'sm.IsPOCSOCompleted'). | [unknown_column] Column 'Branch_Id' does not exist on table 'UserAccountRoleDetails' (selected in the scoping subquery's select-list) — did you mean 'BranchID'?.,SELECT sm.Staff_FirstName + ' ' + sm.Staff_LastName AS StaffName FROM Staff_Master sm WHERE sm.BranchID IN (SELECT Branch_Id FROM UserAccountRoleDetails WHERE UserID = @UserId AND Role_ID IN (SELECT ID FROM StaffDesignationMaster WHERE Name = 'Principal')) AND (sm.IsPOSHCompleted IS NULL OR sm.IsPOSHCompleted = 0) OR (sm.IsPOCSOCompleted IS NULL OR sm.IsPOCSOCompleted = 0),Which staff members have not completed their mandatory POSH or child safety (POCSO) training?
579,20.1,stop,FAIL,,UserAccountRoleDetails.Branch_Id,[unknown_column] Column 'Branch_Id' does not exist on table 'UserAccountRoleDetails' (selected in the scoping subquery's select-list) — did you mean 'BranchID'?. | [unknown_column] Column 'Branch_Id' does not exist on table 'UserAccountRoleDetails' (selected in the scoping subquery's select-list) — did you mean 'BranchID'?.,"SELECT CAST(COUNT(DISTINCT CASE WHEN lem.LeaveStatus_ID = 1 THEN lem.Staff_ID END) * 100.0 / NULLIF(COUNT(DISTINCT lem.Staff_ID), 0) AS DECIMAL(5,2)) AS AttritionRate FROM LeaveEntryMaster lem WHERE lem.BranchID IN (SELECT Branch_Id FROM UserAccountRoleDetails WHERE UserID = @UserId AND IsDeleted = 0) AND lem.AcademicYearID IN (SELECT Id FROM Branch_Academic_Details WHERE GETDATE() BETWEEN Start_Date AND End_Date AND Branch_Id IN (SELECT Branch_Id FROM UserAccountRoleDetails WHERE UserID = @UserId AND IsDeleted = 0))",What is the staff attrition or turnover rate for the current academic year?
578,20.7,stop,FAIL,,LeaveEntryMaster.Branch_Id; LeaveEntryMaster.From_Date; LeaveEntryMaster.To_Date; UserAccountRoleDetails.Branch_Id,[unknown_column] Column 'From_Date' does not exist on table 'LeaveEntryMaster' (referenced as 'lem.From_Date'). | [unknown_column] Column 'To_Date' does not exist on table 'LeaveEntryMaster' (referenced as 'lem.To_Date'). | [unknown_column] Column 'Branch_Id' does not exist on table 'LeaveEntryMaster' (referenced as 'lem.Branch_Id'). | [unknown_column] Column 'Branch_Id' does not exist on table 'UserAccountRoleDetails' (selected in the scoping subquery's select-list) — did you mean 'BranchID'?.,"SELECT CASE WHEN lem.LeaveType_ID = 1 THEN 'Teaching' ELSE 'Non-Teaching' END AS StaffCategory, COUNT(*) AS OnLeave FROM LeaveEntryMaster lem INNER JOIN Staff_Master sm ON lem.Staff_ID = sm.Staff_ID WHERE CAST(GETDATE() AS DATE) BETWEEN lem.From_Date AND lem.To_Date AND (lem.IsDeleted = 0 OR lem.IsDeleted IS NULL) AND lem.LeaveStatus_ID = 1 AND sm.StaffStatus_ID = 1 AND lem.Branch_Id IN (SELECT Branch_Id FROM UserAccountRoleDetails WHERE UserId = @UserId) GROUP BY CASE WHEN lem.LeaveType_ID = 1 THEN 'Teaching' ELSE 'Non-Teaching' END",How many teaching and non-teaching staff members are on leave today?
577,22.8,stop,PASS,,,,"SELECT COUNT(DISTINCT sam.Staff_ID) AS TotalTeachers, COUNT(DISTINCT sad.StudentID) AS TotalStudents, CAST(COUNT(DISTINCT sad.StudentID) * 1.0 / NULLIF(COUNT(DISTINCT sam.Staff_ID), 0) AS DECIMAL(5,2)) AS TeacherStudentRatio FROM SubjectAllocation_Master sam INNER JOIN Staff_Master sm ON sam.Staff_ID = sm.Staff_ID INNER JOIN StudentAcademicDetail sad ON sam.Class_ID = sad.ClassID WHERE (sam.IsDeleted = 0 OR sam.IsDeleted IS NULL) AND sm.StaffStatus_ID = 1 AND sad.AcademicYearID IN (SELECT Id FROM Branch_Academic_Details WHERE GETDATE() BETWEEN Start_Date AND End_Date AND Branch_Id IN (@UserId))",What is the current teacher-to-student ratio across the school?
576,27.2,stop,FAIL,ProgressCardMarkDetails; ProgressCardMarkDetailsRetrieval,UserAccountRoleDetails.Branch_Id,[unknown_table] Table 'ProgressCardMarkDetails' does not exist in the schema. | [unknown_table] Table 'ProgressCardMarkDetailsRetrieval' does not exist in the schema. | [unknown_column] Column 'Branch_Id' does not exist on table 'UserAccountRoleDetails' (selected in the scoping subquery's select-list) — did you mean 'BranchID'?. | [unknown_column] Column 'Branch_Id' does not exist on table 'UserAccountRoleDetails' (selected in the scoping subquery's select-list) — did you mean 'BranchID'?.,"SELECT CAST(COUNT(DISTINCT CASE WHEN rmd.IsReEvaluated = 1 THEN pc.StudentID END) * 100.0 / NULLIF(COUNT(DISTINCT pc.StudentID), 0) AS DECIMAL(5,2)) AS ReEvaluationRate FROM ProgressCardDataRetrieval pc INNER JOIN ProgressCardMarkDetails pcmd ON pc.Id = pcmd.ProgressCardID INNER JOIN ProgressCardMarkDetailsRetrieval rmd ON pcmd.Id = rmd.MarkDetailID WHERE pc.BranchID IN (SELECT Branch_Id FROM UserAccountRoleDetails WHERE UserID = @UserId) AND pc.AcademicYearID IN (SELECT Id FROM Branch_Academic_Details WHERE GETDATE() BETWEEN Start_Date AND End_Date AND Branch_Id IN (SELECT Branch_Id FROM UserAccountRoleDetails WHERE UserID = @UserId)) AND (pc.IsDeleted = 0 OR pc.IsDeleted IS NULL) AND pc.ExamTypeID = 1",What is the rate of re-evaluation or re-checking requests for the recent board exams?
575,60.4,stop,FAIL,,ProgressCardDataRetrieval.ClassName,[unknown_column] Column 'ClassName' does not exist on table 'ProgressCardDataRetrieval' (referenced as 'pc.ClassName'). | [unknown_column] Column 'ClassName' does not exist on table 'ProgressCardDataRetrieval' (referenced as 'pc.ClassName').,"SELECT cm.Name AS ClassName, sub1.Name AS Subject1, sub2.Name AS Subject2, COUNT(DISTINCT sad.StudentID) AS StudentCount FROM StudentAcademicDetail sad JOIN Student_Master sm ON sad.StudentID = sm.ID JOIN ClassMaster cm ON sad.ClassID = cm.ID CROSS APPLY (SELECT MAX(CASE WHEN pc.SubjectName = 'Physics' THEN 1 END) AS Physics, MAX(CASE WHEN pc.SubjectName = 'Chemistry' THEN 1 END) AS Chemistry, MAX(CASE WHEN pc.SubjectName = 'Biology' THEN 1 END) AS Biology, MAX(CASE WHEN pc.SubjectName = 'Accountancy' THEN 1 END) AS Accountancy, MAX(CASE WHEN pc.SubjectName = 'Economics' THEN 1 END) AS Economics, MAX(CASE WHEN pc.SubjectName = 'Business Studies' THEN 1 END) AS BusinessStudies, MAX(CASE WHEN pc.SubjectName IN ('History', 'Geography', 'Political Science') THEN 1 END) AS Humanities FROM ProgressCardDataRetrieval pc WHERE pc.StudentID = sad.StudentID AND pc.ClassName = cm.Name AND (pc.IsDeleted = 0 OR pc.IsDeleted IS NULL)) sub1 CROSS APPLY (SELECT MAX(CASE WHEN pc.SubjectName = 'Computer Science' THEN 1 END) AS ComputerScience, MAX(CASE WHEN pc.SubjectName = 'Information Technology' THEN 1 END) AS IT FROM ProgressCardDataRetrieval pc WHERE pc.StudentID = sad.StudentID AND pc.ClassName = cm.Name AND (pc.IsDeleted = 0 OR pc.IsDeleted IS NULL)) sub2 WHERE cm.Name IN ('Class 11 Science', 'Class 11 Commerce', 'Class 11 Arts') AND (sad.IsTCIssued = 0 OR sad.IsTCIssued IS NULL) AND sad.AcademicYearID IN (SELECT Id FROM Branch_Academic_Details WHERE GETDATE() BETWEEN Start_Date AND End_Date AND Branch_Id IN (@UserId)) GROUP BY cm.Name, sub1.Name, sub2.Name ORDER BY StudentCount DESC","How many students have opted for each subject combination in Class 11 (Science, Commerce, Arts/Humanities)?"
573,22.4,stop,FAIL,,Student_Master.StaffShiftId; UserAccountRoleDetails.Branch_Id,[unknown_column] Column 'StaffShiftId' does not exist on table 'Student_Master' (referenced as 'sm.StaffShiftId'). | [unknown_column] Column 'StaffShiftId' does not exist on table 'Student_Master' (referenced as 'sm.StaffShiftId'). | [unknown_column] Column 'Branch_Id' does not exist on table 'UserAccountRoleDetails' (selected in the scoping subquery's select-list) — did you mean 'BranchID'?.,"SELECT CASE WHEN sm.StaffShiftId = 1 THEN 'Morning' ELSE 'Evening' END AS Shift, CAST(AVG(smd.Marks) AS DECIMAL(5,2)) AS AvgMarks FROM StudentMarkDetails smd INNER JOIN StudentMarkMaster smm ON smd.HeaderID = smm.ID INNER JOIN Student_Master sm ON smd.StudentID = sm.ID WHERE smd.BranchID IN (SELECT Branch_Id FROM UserAccountRoleDetails WHERE UserID = @UserId) AND smd.Deleted = 0 AND (smd.Others IS NULL OR NOT smd.Others IN ('AB', 'NT')) AND smm.Deleted = 0 GROUP BY CASE WHEN sm.StaffShiftId = 1 THEN 'Morning' ELSE 'Evening' END",What is the academic performance comparison between the morning and evening shifts (if applicable)?
572,20.3,stop,FAIL,,ProgressCardDataRetrieval.DepartmentName; UserAccountRoleDetails.Branch_Id,[unknown_column] Column 'DepartmentName' does not exist on table 'ProgressCardDataRetrieval' (referenced as 'pc.DepartmentName'). | [unknown_column] Column 'Branch_Id' does not exist on table 'UserAccountRoleDetails' (selected in the scoping subquery's select-list) — did you mean 'BranchID'?. | [unknown_column] Column 'Branch_Id' does not exist on table 'UserAccountRoleDetails' (selected in the scoping subquery's select-list) — did you mean 'BranchID'?.,"SELECT COUNT(DISTINCT pc.StudentID) AS StudentsPending FROM ProgressCardDataRetrieval pc INNER JOIN Subject_Master sub ON pc.SubjectID = sub.Id WHERE (pc.Marks IS NULL OR pc.Marks = '') AND (sub.Name LIKE '%Practical%' OR sub.Name LIKE '%Lab%') AND pc.DepartmentName IN ('Physics', 'Chemistry', 'Biology') AND pc.BranchID IN (SELECT Branch_Id FROM UserAccountRoleDetails WHERE UserID = @UserId) AND pc.AcademicYearID IN (SELECT Id FROM Branch_Academic_Details WHERE GETDATE() BETWEEN Start_Date AND End_Date AND Branch_Id IN (SELECT Branch_Id FROM UserAccountRoleDetails WHERE UserID = @UserId))",How many practical exam marks are pending submission for the science departments?
571,15.8,stop,FAIL,,ProgressCardDataRetrieval.PublishedDate; StudentMarkDetails.Student_ID; StudentMarkDetails.Subject_ID; StudentMarkDetails.SubmissionDate; UserAccountRoleDetails.Branch_Id,[unknown_column] Column 'SubmissionDate' does not exist on table 'StudentMarkDetails' (referenced as 'smd.SubmissionDate'). | [unknown_column] Column 'PublishedDate' does not exist on table 'ProgressCardDataRetrieval' (referenced as 'pc.PublishedDate'). | [unknown_column] Column 'Student_ID' does not exist on table 'StudentMarkDetails' (referenced as 'smd.Student_ID'). | [unknown_column] Column 'Subject_ID' does not exist on table 'StudentMarkDetails' (referenced as 'smd.Subject_ID'). | [unknown_column] Column 'PublishedDate' does not exist on table 'ProgressCardDataRetrieval' (referenced as 'pc.PublishedDate'). | [unknown_column] Column 'SubmissionDate' does not exist on table 'StudentMarkDetails' (referenced as 'smd.SubmissionDate'). | [unknown_column] Column 'Branch_Id' does not exist on table 'UserAccountRoleDetails' (selected in the scoping subquery's select-list) — did you mean 'BranchID'?.,"SELECT AVG(DATEDIFF(DAY, smd.SubmissionDate, pc.PublishedDate)) AS AvgDaysToPublish FROM ProgressCardDataRetrieval pc INNER JOIN StudentMarkDetails smd ON pc.StudentID = smd.Student_ID AND pc.SubjectID = smd.Subject_ID WHERE pc.BranchID IN (SELECT Branch_Id FROM UserAccountRoleDetails WHERE UserID = @UserId) AND (pc.IsDeleted = 0 OR pc.IsDeleted IS NULL) AND pc.PublishedDate IS NOT NULL AND smd.SubmissionDate IS NOT NULL",What is the average time taken by teachers to grade and publish exam results after the test?
569,11.2,stop,FAIL,,UserAccountRoleDetails.Branch_Id,[unknown_column] Column 'Branch_Id' does not exist on table 'UserAccountRoleDetails' (selected in the scoping subquery's select-list) — did you mean 'BranchID'?.,"SELECT cm.Name AS ClassName, COUNT(DISTINCT sam.Subject_ID) AS SubjectCount FROM SubjectAllocation_Master sam JOIN ClassMaster cm ON sam.Class_ID = cm.ID WHERE (sam.IsDeleted = 0 OR sam.IsDeleted IS NULL) AND sam.BranchID IN (SELECT Branch_Id FROM UserAccountRoleDetails WHERE UserID = @UserId) GROUP BY cm.Name ORDER BY cm.Name",What is the syllabus completion rate for each class as per teacher logs in the ERP?
568,14.5,stop,PASS,,,,SELECT COUNT(DISTINCT sad.StudentID) AS RemedialStudents FROM StudentAcademicDetail sad JOIN ClassMaster cm ON sad.ClassID = cm.ID WHERE (sad.IsTCIssued = 0 OR sad.IsTCIssued IS NULL) AND sad.AcademicYearID IN (SELECT Id FROM Branch_Academic_Details WHERE GETDATE() BETWEEN Start_Date AND End_Date AND Branch_Id IN (<scoping>)) AND cm.Name LIKE '%Remedial%' OR cm.Name LIKE '%Extra%',How many students are currently enrolled in remedial or extra coaching classes?
566,21.7,stop,FAIL,,StudentMarkDetails.GradePoint; UserAccountRoleDetails.Branch_Id,[unknown_column] Column 'GradePoint' does not exist on table 'StudentMarkDetails' (referenced as 'smd.GradePoint'). | [unknown_column] Column 'Branch_Id' does not exist on table 'UserAccountRoleDetails' (selected in the scoping subquery's select-list) — did you mean 'BranchID'?.,"SELECT bad.Name AS AcademicYear, CAST(AVG(smd.GradePoint) AS DECIMAL(3,2)) AS AvgGPA FROM StudentMarkDetails smd JOIN StudentMarkMaster smm ON smd.HeaderID = smm.ID JOIN Branch_Academic_Details bad ON smm.AcademicYearID = bad.Id WHERE smd.BranchID IN (SELECT Branch_Id FROM UserAccountRoleDetails WHERE UserID = @UserId) AND smd.Deleted = 0 AND (smd.Others IS NULL OR NOT smd.Others IN ('AB', 'NT', 'NA')) AND smm.Deleted = 0 AND bad.Start_Date >= DATEADD(YEAR, -3, GETDATE()) GROUP BY bad.Name ORDER BY bad.Name",What is the average GPA/CGPA trend across the school over the last 3 years?
559,22.9,stop,PASS,,,,SELECT COUNT(DISTINCT sad.StudentID) AS PresentButNoSwipe FROM StudentAcademicDetail sad JOIN Student_Master sm ON sad.StudentID = sm.ID JOIN ClassMaster cm ON sad.ClassID = cm.ID WHERE (sad.IsTCIssued = 0 OR sad.IsTCIssued IS NULL) AND sad.AcademicYearID IN (SELECT Id FROM Branch_Academic_Details WHERE GETDATE() BETWEEN Start_Date AND End_Date AND Branch_Id IN (<scoping>)) AND sm.BranchID IN (<scoping>) AND cm.Name = 'Class 1' AND NOT EXISTS (SELECT 1 FROM StudentAttendance sa WHERE sa.Student_ID = sad.StudentID AND sa.Attendance_Status_ID = 1 AND CAST(sa.Attendance_Date AS DATE) = CAST(GETDATE() AS DATE)),How many students are marked present in class but have not swiped their RFID/ID cards at the gate?
555,23.5,stop,PASS,,,,"SELECT CAST(sa.Attendance_Date AS DATE) AS AttDate, AVG(CAST(sa.Attendance_Status_ID = 1 AS FLOAT)) AS AvgDailyAttendance FROM StudentAttendance sa WHERE MONTH(sa.Attendance_Date) = MONTH(GETDATE()) AND YEAR(sa.Attendance_Date) = YEAR(GETDATE()) GROUP BY CAST(sa.Attendance_Date AS DATE) UNION ALL SELECT CAST(DATEADD(YEAR, -1, sa.Attendance_Date) AS DATE) AS AttDate, AVG(CAST(sa.Attendance_Status_ID = 1 AS FLOAT)) AS AvgDailyAttendance FROM StudentAttendance sa WHERE MONTH(sa.Attendance_Date) = MONTH(GETDATE()) AND YEAR(sa.Attendance_Date) = YEAR(GETDATE()) - 1 GROUP BY CAST(DATEADD(YEAR, -1, sa.Attendance_Date) AS DATE) ORDER BY AttDate",What is the daily average attendance trend compared to the same month last year?
553,16.6,stop,FAIL,LeaveTypeMaster,LeaveEntryMaster.Branch_Id; UserAccountRoleDetails.Branch_Id,[unknown_table] Table 'LeaveTypeMaster' does not exist in the schema. | [unknown_column] Column 'Branch_Id' does not exist on table 'LeaveEntryMaster' (referenced as 'lem.Branch_Id'). | [unknown_column] Column 'Branch_Id' does not exist on table 'UserAccountRoleDetails' (selected in the scoping subquery's select-list) — did you mean 'BranchID'?.,SELECT COUNT(*) AS MedicalLeaveRequests FROM LeaveEntryMaster lem INNER JOIN Staff_Master sm ON lem.Staff_ID = sm.Staff_ID WHERE lem.LeaveType_ID IN (SELECT Id FROM LeaveTypeMaster WHERE Name = 'Medical') AND MONTH(lem.LeaveFromDate) = MONTH(GETDATE()) AND YEAR(lem.LeaveFromDate) = YEAR(GETDATE()) AND (lem.IsDeleted = 0 OR lem.IsDeleted IS NULL) AND sm.StaffStatus_ID = 1 AND lem.Branch_Id IN (SELECT Branch_Id FROM UserAccountRoleDetails WHERE UserId = @UserId),How many medical leave requests were submitted by students this month?
549,14.0,stop,FAIL,,UserAccountRoleDetails.Branch_Id,[unknown_column] Column 'Branch_Id' does not exist on table 'UserAccountRoleDetails' (selected in the scoping subquery's select-list) — did you mean 'BranchID'?.,"SELECT sa.Student_ID, sm.FirstName + ' ' + sm.LastName AS StudentName, COUNT(*) AS ConsecutiveAbsentDays FROM StudentAttendance sa JOIN Student_Master sm ON sa.Student_ID = sm.ID WHERE sa.Attendance_Status_ID = 2 AND sa.BranchID IN (SELECT Branch_Id FROM UserAccountRoleDetails WHERE UserID = @UserId) GROUP BY sa.Student_ID, sm.FirstName + ' ' + sm.LastName HAVING COUNT(*) > 3 ORDER BY ConsecutiveAbsentDays DESC",Can you list students who have been absent for more than 3 consecutive days?
546,21.4,stop,FAIL,,Student_Master.AdharNo; Student_Master.UDISENo,[unknown_column] Column 'AdharNo' does not exist on table 'Student_Master' (referenced as 'sm.AdharNo'). | [unknown_column] Column 'AdharNo' does not exist on table 'Student_Master' (referenced as 'sm.AdharNo'). | [unknown_column] Column 'UDISENo' does not exist on table 'Student_Master' (referenced as 'sm.UDISENo'). | [unknown_column] Column 'UDISENo' does not exist on table 'Student_Master' (referenced as 'sm.UDISENo').,"SELECT sm.AdmissionNo, sm.FirstName, sm.LastName, cm.Name AS ClassName, secm.Name AS SectionName FROM StudentAcademicDetail sad JOIN Student_Master sm ON sad.StudentID = sm.ID JOIN ClassMaster cm ON sad.ClassID = cm.ID JOIN SectionMaster secm ON sad.SectionID = secm.ID WHERE (sad.IsTCIssued = 0 OR sad.IsTCIssued IS NULL) AND sad.AcademicYearID IN (SELECT Id FROM Branch_Academic_Details WHERE GETDATE() BETWEEN Start_Date AND End_Date AND Branch_Id IN (<scoping>)) AND (sm.AdharNo IS NULL OR sm.AdharNo = '' OR sm.UDISENo IS NULL OR sm.UDISENo = '')",Can you provide a list of students whose Aadhaar or UDISE+ details are missing or incomplete?
544,16.6,stop,FAIL,,StudentAcademicDetail.TCNo; TCRequest.Reason; TCRequest.SessionYearID; TCRequest.TC_No; UserAccountRoleDetails.Branch_Id,[unknown_column] Column 'Reason' does not exist on table 'TCRequest' (referenced as 'tcr.Reason'). | [unknown_column] Column 'TCNo' does not exist on table 'StudentAcademicDetail' (referenced as 'sad.TCNo'). | [unknown_column] Column 'TC_No' does not exist on table 'TCRequest' (referenced as 'tcr.TC_No'). | [unknown_column] Column 'SessionYearID' does not exist on table 'TCRequest' (referenced as 'tcr.SessionYearID'). | [unknown_column] Column 'Branch_Id' does not exist on table 'UserAccountRoleDetails' (selected in the scoping subquery's select-list) — did you mean 'BranchID'?. | [unknown_column] Column 'Branch_Id' does not exist on table 'UserAccountRoleDetails' (selected in the scoping subquery's select-list) — did you mean 'BranchID'?.,"SELECT COUNT(DISTINCT sad.StudentID) AS TransferredOutStudents, tcr.Reason FROM StudentAcademicDetail sad JOIN TCRequest tcr ON sad.TCNo = tcr.TC_No WHERE sad.IsTCIssued = 1 AND tcr.BranchID IN (SELECT Branch_Id FROM UserAccountRoleDetails WHERE UserID = @UserId) AND tcr.SessionYearID IN (SELECT Id FROM Branch_Academic_Details WHERE GETDATE() BETWEEN Start_Date AND End_Date AND Branch_Id IN (SELECT Branch_Id FROM UserAccountRoleDetails WHERE UserID = @UserId))","How many students transferred out mid-session, and what were the primary reasons recorded?"
543,14.5,stop,FAIL,,Student_Master.CommunicationPinCode,[unknown_column] Column 'CommunicationPinCode' does not exist on table 'Student_Master' (referenced as 'sm.CommunicationPinCode'). | [unknown_column] Column 'CommunicationPinCode' does not exist on table 'Student_Master' (referenced as 'sm.CommunicationPinCode').,"SELECT sm.CommunicationPinCode, COUNT(DISTINCT sad.StudentID) AS StudentCount FROM StudentAcademicDetail sad JOIN Student_Master sm ON sad.StudentID = sm.ID WHERE (sad.IsTCIssued = 0 OR sad.IsTCIssued IS NULL) AND sad.AcademicYearID IN (SELECT Id FROM Branch_Academic_Details WHERE GETDATE() BETWEEN Start_Date AND End_Date AND Branch_Id IN (@UserId)) GROUP BY sm.CommunicationPinCode ORDER BY StudentCount DESC",What is the geographical distribution (pincode-wise) of our current student base?
541,15.9,stop,FAIL,,ClassMaster.MaxStrength,[unknown_column] Column 'MaxStrength' does not exist on table 'ClassMaster' (referenced as 'cm.MaxStrength').,"SELECT cm.Name AS ClassName, COUNT(DISTINCT sad.StudentID) AS StudentCount FROM StudentAcademicDetail sad JOIN ClassMaster cm ON sad.ClassID = cm.ID WHERE (sad.IsTCIssued = 0 OR sad.IsTCIssued IS NULL) AND sad.AcademicYearID IN (SELECT Id FROM Branch_Academic_Details WHERE GETDATE() BETWEEN Start_Date AND End_Date AND Branch_Id IN (@UserId)) GROUP BY cm.Name HAVING COUNT(DISTINCT sad.StudentID) > cm.MaxStrength ORDER BY StudentCount DESC",Are there any classes where the student strength exceeds the CBSE/State Board prescribed limit?
539,12.8,stop,FAIL,,ApplicationEntry.AdmissionTypeName; UserAccountRoleDetails.Branch_Id,[unknown_column] Column 'AdmissionTypeName' does not exist on table 'ApplicationEntry' (referenced as 'ae.AdmissionTypeName'). | [unknown_column] Column 'AdmissionTypeName' does not exist on table 'ApplicationEntry' (referenced as 'ae.AdmissionTypeName'). | [unknown_column] Column 'Branch_Id' does not exist on table 'UserAccountRoleDetails' (selected in the scoping subquery's select-list) — did you mean 'BranchID'?.,SELECT COUNT(*) AS WaitingListCount FROM ApplicationEntry ae INNER JOIN ApplicationStatus_Master asm ON ae.ApplicationStatus_ID = asm.ID WHERE ae.BranchID IN (SELECT Branch_Id FROM UserAccountRoleDetails WHERE UserID = @UserId) AND (ae.IsDeleted = 0 OR ae.IsDeleted IS NULL) AND asm.Name = 'Waiting List' AND ae.AdmissionTypeName LIKE '%Nursery%' OR ae.AdmissionTypeName LIKE '%KG%',How many students are currently on the waiting list for Nursery and KG admissions?
538,16.8,stop,FAIL,ApplicationMode_Master,ApplicationEntry.Mode_ID; UserAccountRoleDetails.Branch_Id,[unknown_table] Table 'ApplicationMode_Master' does not exist in the schema. | [unknown_column] Column 'Mode_ID' does not exist on table 'ApplicationEntry' (referenced as 'ae.Mode_ID'). | [unknown_column] Column 'Branch_Id' does not exist on table 'UserAccountRoleDetails' (selected in the scoping subquery's select-list) — did you mean 'BranchID'?. | [unknown_column] Column 'Branch_Id' does not exist on table 'UserAccountRoleDetails' (selected in the scoping subquery's select-list) — did you mean 'BranchID'?.,"SELECT emm.Name AS Source, COUNT(*) AS Admissions FROM ApplicationEntry ae INNER JOIN ApplicationMode_Master emm ON ae.Mode_ID = emm.ID WHERE ae.BranchID IN (SELECT Branch_Id FROM UserAccountRoleDetails WHERE UserID = @UserId) AND ae.AcademicYearID IN (SELECT Id FROM Branch_Academic_Details WHERE GETDATE() BETWEEN Start_Date AND End_Date AND Branch_Id IN (SELECT Branch_Id FROM UserAccountRoleDetails WHERE UserID = @UserId)) AND ae.AdmissionNo IS NOT NULL GROUP BY emm.Name ORDER BY Admissions DESC","From which sources (website, referrals, walk-ins, social media ads) are we getting the most admissions?"
536,11.1,stop,FAIL,,StudentAcademicDetail.IsRTE; UserAccountRoleDetails.Branch_Id,[unknown_column] Column 'IsRTE' does not exist on table 'StudentAcademicDetail' (referenced as 'sad.IsRTE'). | [unknown_column] Column 'Branch_Id' does not exist on table 'UserAccountRoleDetails' (selected in the scoping subquery's select-list) — did you mean 'BranchID'?.,SELECT COUNT(DISTINCT sad.StudentID) AS rte_admissions FROM StudentAcademicDetail sad JOIN Branch_Academic_Details bad ON sad.AcademicYearID = bad.Id WHERE sad.IsRTE = 1 AND GETDATE() BETWEEN bad.Start_Date AND bad.End_Date AND bad.Branch_Id IN (SELECT Branch_Id FROM UserAccountRoleDetails WHERE UserID = @UserId),How many students were admitted under the RTE quota this academic year?
534,16.9,stop,FAIL,,ClassMaster.TotalSeats; UserAccountRoleDetails.Branch_Id,[unknown_column] Column 'TotalSeats' does not exist on table 'ClassMaster' (referenced as 'cm.TotalSeats'). | [unknown_column] Column 'Branch_Id' does not exist on table 'UserAccountRoleDetails' (selected in the scoping subquery's select-list) — did you mean 'BranchID'?.,"SELECT TOP 1 cm.Name AS ClassName, (cm.TotalSeats - ISNULL((SELECT COUNT(*) FROM StudentAcademicDetail sad2 WHERE sad2.AcademicYearID = bad.Id AND sad2.ClassID = cm.ID), 0)) AS VacantSeats FROM ClassMaster cm JOIN Branch_Academic_Details bad ON cm.BranchID = bad.Branch_Id WHERE GETDATE() BETWEEN bad.Start_Date AND bad.End_Date AND cm.IsDeleted = 0 AND cm.BranchID IN (SELECT Branch_Id FROM UserAccountRoleDetails WHERE UserID = @UserId) ORDER BY VacantSeats DESC",Which class has the highest number of vacant seats for the upcoming academic session?
525,21.8,stop,FAIL,,FeesCollection_Details.PaidDate; UserAccountRoleDetails.Branch_Id,[unknown_column] Column 'PaidDate' does not exist on table 'FeesCollection_Details' (referenced as 'fcd.PaidDate'). | [unknown_column] Column 'PaidDate' does not exist on table 'FeesCollection_Details' (referenced as 'fcd.PaidDate'). | [unknown_column] Column 'Branch_Id' does not exist on table 'UserAccountRoleDetails' (selected in the scoping subquery's select-list) — did you mean 'BranchID'?. | [unknown_column] Column 'Branch_Id' does not exist on table 'UserAccountRoleDetails' (selected in the scoping subquery's select-list) — did you mean 'BranchID'?.,"SELECT AVG(DATEDIFF(DAY, fc.Bill_Date, fcd.PaidDate)) AS AvgDaysToPay FROM FeesCollection_Details fcd JOIN FeesCollection fc ON fcd.Fees_Collection_ID = fc.Id WHERE fcd.BranchID IN (SELECT Branch_Id FROM UserAccountRoleDetails WHERE UserID = @UserId) AND fcd.AcademicYearID IN (SELECT Id FROM Branch_Academic_Details WHERE GETDATE() BETWEEN Start_Date AND End_Date AND Branch_Id IN (SELECT Branch_Id FROM UserAccountRoleDetails WHERE UserID = @UserId)) AND (fc.IsDeleted = 0 OR fc.IsDeleted IS NULL) AND fc.ChequeStatus_ID NOT IN (3, 4) AND fcd.PaidDate > fc.Bill_Date",What is the average time taken by parents to clear dues after the due date?
524,7.3,stop,FAIL,ConcessionAppEntry,UserAccountRoleDetails.Branch_Id,[unknown_table] Table 'ConcessionAppEntry' does not exist in the schema. | [unknown_column] Column 'Branch_Id' does not exist on table 'UserAccountRoleDetails' (selected in the scoping subquery's select-list) — did you mean 'BranchID'?.,SELECT COUNT(*) AS PendingRequests FROM ConcessionAppEntry c WHERE c.ApprovalStatus = 0 AND c.BranchID IN (SELECT Branch_Id FROM UserAccountRoleDetails WHERE UserID = @UserId) AND c.IsDeleted = 0,How many fee concession or scholarship requests are currently pending management approval?
520,19.2,stop,FAIL,RTE_Details; RTE_Master,UserAccountRoleDetails.Branch_Id,[unknown_table] Table 'RTE_Master' does not exist in the schema. | [unknown_table] Table 'RTE_Details' does not exist in the schema. | [unknown_column] Column 'Branch_Id' does not exist on table 'UserAccountRoleDetails' (selected in the scoping subquery's select-list) — did you mean 'BranchID'?. | [unknown_column] Column 'Branch_Id' does not exist on table 'UserAccountRoleDetails' (selected in the scoping subquery's select-list) — did you mean 'BranchID'?.,"SELECT SUM(rtd.Amount - ISNULL(rtd.Paid_Amt, 0)) AS PendingRTE FROM RTE_Master rtm INNER JOIN RTE_Details rtd ON rtm.ID = rtd.HeaderID WHERE rtm.BranchID IN (SELECT Branch_Id FROM UserAccountRoleDetails WHERE UserID = @UserId) AND rtm.AcademicYearID IN (SELECT Id FROM Branch_Academic_Details WHERE GETDATE() BETWEEN Start_Date AND End_Date AND Branch_Id IN (SELECT Branch_Id FROM UserAccountRoleDetails WHERE UserID = @UserId)) AND (rtm.IsDeleted IS NULL OR rtm.IsDeleted = 0) AND rtd.Status_ID = 1",How much RTE (Right to Education) reimbursement is currently pending from the government?
514,14.6,stop,FAIL,,StudentAcademicDetail.IsBoardApplicable; UserAccountRoleDetails.Branch_Id,[unknown_column] Column 'IsBoardApplicable' does not exist on table 'StudentAcademicDetail' (referenced as 'sad.IsBoardApplicable'). | [unknown_column] Column 'Branch_Id' does not exist on table 'UserAccountRoleDetails' (selected in the scoping subquery's select-list) — did you mean 'BranchID'?.,SELECT COUNT(DISTINCT sad.StudentID) AS BoardExamStudents FROM StudentAcademicDetail sad JOIN Branch_Academic_Details bad ON sad.AcademicYearID = bad.Id WHERE sad.IsBoardApplicable = 1 AND GETDATE() BETWEEN bad.Start_Date AND bad.End_Date AND sad.IsActive = 1 AND (sad.IsTCIssued = 0 OR sad.IsTCIssued IS NULL) AND bad.Branch_Id IN (SELECT Branch_Id FROM UserAccountRoleDetails WHERE UserId = @UserId),how many students eligible for board exam registration
510,15.9,stop,FAIL,,Student_Master.CityName,[unknown_column] Column 'CityName' does not exist on table 'Student_Master' (referenced as 'sm.CityName'). | [unknown_column] Column 'CityName' does not exist on table 'Student_Master' (referenced as 'sm.CityName').,SELECT COUNT(DISTINCT sad.StudentID) AS NonCityHostelStudents FROM StudentAcademicDetail sad JOIN Student_Master sm ON sad.StudentID = sm.ID WHERE (sad.IsTCIssued = 0 OR sad.IsTCIssued IS NULL) AND sad.AcademicYearID IN (SELECT Id FROM Branch_Academic_Details WHERE GETDATE() BETWEEN Start_Date AND End_Date AND Branch_Id IN (<scoping>)) AND (sm.CityName <> 'Mumbai' OR sm.CityName IS NULL) AND sad.HostelRequired = 1,how many students from outside city or hostel
508,24.5,stop,PASS,,,,"SELECT sm.ID, ISNULL(sm.FirstName, '') + ' ' + ISNULL(sm.MiddleName, '') + ' ' + ISNULL(sm.LastName, '') AS StudentName, sm.AdmissionNo, sad.ClassName, secm.Name AS SectionName FROM Student_Master sm JOIN StudentAcademicDetail sad ON sm.ID = sad.StudentID JOIN ClassMaster cm ON sad.ClassID = cm.ID JOIN SectionMaster secm ON sad.SectionID = secm.ID WHERE (sad.IsTCIssued = 0 OR sad.IsTCIssued IS NULL) AND sad.AcademicYearID IN (SELECT Id FROM Branch_Academic_Details WHERE GETDATE() BETWEEN Start_Date AND End_Date AND Branch_Id IN (@UserId)) AND sm.BranchID IN (@UserId) AND (sm.FatherName IS NULL OR sm.FatherName = '') AND sm.MotherName IS NOT NULL",give me list of students with single parent
505,13.5,stop,PASS,,,,"SELECT cm.Name AS ClassName, COUNT(sad.StudentID) AS Enrolled FROM StudentAcademicDetail sad JOIN ClassMaster cm ON sad.ClassID = cm.ID WHERE (sad.IsTCIssued = 0 OR sad.IsTCIssued IS NULL) AND sad.AcademicYearID IN (SELECT Id FROM Branch_Academic_Details WHERE GETDATE() BETWEEN Start_Date AND End_Date AND Branch_Id IN (@UserId)) GROUP BY cm.Name ORDER BY Enrolled DESC",which class is full and which has vacant seats
499,9.4,stop,FAIL,Stock_Master,UserAccountRoleDetails.Branch_Id,[unknown_table] Table 'Stock_Master' does not exist in the schema. | [unknown_column] Column 'Branch_Id' does not exist on table 'UserAccountRoleDetails' (selected in the scoping subquery's select-list) — did you mean 'BranchID'?.,"SELECT TOP 10 sm.StockItemName, sm.ItemCode FROM Stock_Master sm WHERE sm.BranchID IN (SELECT Branch_Id FROM UserAccountRoleDetails WHERE UserID = @UserId) AND sm.LastStockInDate < DATEADD(MONTH, -3, GETDATE()) ORDER BY sm.LastStockInDate",stock that is not moving since long time
498,19.3,stop,FAIL,PurchaseOrderDetails; PurchaseOrderMaster; Vendor_Master,UserAccountRoleDetails.Branch_Id,[unknown_table] Table 'PurchaseOrderDetails' does not exist in the schema. | [unknown_table] Table 'PurchaseOrderMaster' does not exist in the schema. | [unknown_table] Table 'Vendor_Master' does not exist in the schema. | [unknown_column] Column 'Branch_Id' does not exist on table 'UserAccountRoleDetails' (selected in the scoping subquery's select-list) — did you mean 'BranchID'?. | [unknown_column] Column 'Branch_Id' does not exist on table 'UserAccountRoleDetails' (selected in the scoping subquery's select-list) — did you mean 'BranchID'?.,"SELECT TOP 1 v.Name AS VendorName, COUNT(*) AS PurchaseCount FROM PurchaseOrderDetails pod INNER JOIN PurchaseOrderMaster pom ON pod.HeaderID = pom.ID INNER JOIN Vendor_Master v ON pom.Vendor_ID = v.Id WHERE pom.BranchID IN (SELECT Branch_Id FROM UserAccountRoleDetails WHERE UserID = @UserId) AND (pom.IsDeleted = 0 OR pom.IsDeleted IS NULL) AND pom.AcademicYearID IN (SELECT Id FROM Branch_Academic_Details WHERE GETDATE() BETWEEN Start_Date AND End_Date AND Branch_Id IN (SELECT Branch_Id FROM UserAccountRoleDetails WHERE UserID = @UserId)) GROUP BY v.Name ORDER BY PurchaseCount DESC",which vendor we buy most from
497,9.8,stop,FAIL,PurchaseOrderMaster; PurchaseStatus_Master,UserAccountRoleDetails.Branch_Id,[unknown_table] Table 'PurchaseOrderMaster' does not exist in the schema. | [unknown_table] Table 'PurchaseStatus_Master' does not exist in the schema. | [unknown_column] Column 'Branch_Id' does not exist on table 'UserAccountRoleDetails' (selected in the scoping subquery's select-list) — did you mean 'BranchID'?.,SELECT COUNT(*) AS PendingApproval FROM PurchaseOrderMaster pom WHERE (pom.IsDeleted = 0 OR pom.IsDeleted IS NULL) AND pom.BranchID IN (SELECT Branch_Id FROM UserAccountRoleDetails WHERE UserID = @UserId) AND pom.PurchaseStatus_ID NOT IN (SELECT Id FROM PurchaseStatus_Master WHERE Name = 'Completed'),items pending for purchase approval
496,11.3,stop,FAIL,PurchaseReceipt,,[unknown_table] Table 'PurchaseReceipt' does not exist in the schema.,"SELECT SUM(Receipt_Amt) AS TotalPurchase, COUNT(*) AS Receipts FROM PurchaseReceipt WHERE BranchID IN (SELECT Branch_Id FROM Branch_Academic_Details WHERE GETDATE() BETWEEN Start_Date AND End_Date AND Branch_Id IN (@UserId)) AND MONTH(Bill_Date) = MONTH(GETDATE()) AND YEAR(Bill_Date) = YEAR(GETDATE()) AND IsDeleted = 0",what all we purchased this month for school
495,10.1,stop,FAIL,FurnitureMaster,UserAccountRoleDetails.Branch_Id,[unknown_table] Table 'FurnitureMaster' does not exist in the schema. | [unknown_column] Column 'Branch_Id' does not exist on table 'UserAccountRoleDetails' (selected in the scoping subquery's select-list) — did you mean 'BranchID'?.,"SELECT cm.Name AS ClassName, COUNT(*) AS FurnitureCount FROM FurnitureMaster fm INNER JOIN ClassMaster cm ON fm.Class_ID = cm.ID WHERE (fm.IsDeleted IS NULL OR fm.IsDeleted = 0) AND fm.BranchID IN (SELECT Branch_Id FROM UserAccountRoleDetails WHERE UserID = @UserId) GROUP BY cm.Name ORDER BY cm.Name",furniture count classroom wise
493,10.8,stop,FAIL,BookIssueMaster; Books_Master,UserAccountRoleDetails.Branch_Id,[unknown_table] Table 'BookIssueMaster' does not exist in the schema. | [unknown_table] Table 'Books_Master' does not exist in the schema. | [unknown_column] Column 'Branch_Id' does not exist on table 'UserAccountRoleDetails' (selected in the scoping subquery's select-list) — did you mean 'BranchID'?.,"SELECT b.Title, b.AuthorName FROM BookIssueMaster bim INNER JOIN Books_Master b ON bim.Book_ID = b.Id WHERE bim.BranchID IN (SELECT Branch_Id FROM UserAccountRoleDetails WHERE UserID = @UserId) AND (bim.IsDeleted IS NULL OR bim.IsDeleted = 0) AND bim.ReturnDate IS NULL ORDER BY b.Title",books issued but not returned list
492,11.5,stop,FAIL,ComputerMaster,UserAccountRoleDetails.Branch_Id,[unknown_table] Table 'ComputerMaster' does not exist in the schema. | [unknown_column] Column 'Branch_Id' does not exist on table 'UserAccountRoleDetails' (selected in the scoping subquery's select-list) — did you mean 'BranchID'?.,"SELECT SUM(CASE WHEN cm.Working = 1 THEN 1 ELSE 0 END) AS Working, SUM(CASE WHEN cm.Working = 0 THEN 1 ELSE 0 END) AS NotWorking FROM ComputerMaster cm WHERE cm.BranchID IN (SELECT Branch_Id FROM UserAccountRoleDetails WHERE UserID = @UserId AND IsDeleted = 0) AND cm.IsDeleted = 0",how many computers working vs not working
491,25.8,stop,FAIL,SportsEventEntryDetail; SportsEventEntryMaster; SportsEventMaster,UserAccountRoleDetails.Branch_Id,[unknown_table] Table 'SportsEventEntryDetail' does not exist in the schema. | [unknown_table] Table 'SportsEventEntryMaster' does not exist in the schema. | [unknown_table] Table 'SportsEventMaster' does not exist in the schema. | [unknown_column] Column 'Branch_Id' does not exist on table 'UserAccountRoleDetails' (selected in the scoping subquery's select-list) — did you mean 'BranchID'?. | [unknown_column] Column 'Branch_Id' does not exist on table 'UserAccountRoleDetails' (selected in the scoping subquery's select-list) — did you mean 'BranchID'?.,"SELECT smm.Name AS EquipmentType, COUNT(*) AS TotalCount FROM SportsEventEntryDetail seet INNER JOIN SportsEventEntryMaster see ON seet.HeaderID = see.ID INNER JOIN SportsEventMaster se ON see.Event_ID = se.ID LEFT JOIN Student_Master sm ON seet.Student_ID = sm.ID LEFT JOIN StudentAcademicDetail sad ON sm.ID = sad.StudentID AND see.AcademicYearID = sad.AcademicYearID WHERE se.BranchID IN (SELECT Branch_Id FROM UserAccountRoleDetails WHERE UserID = @UserId) AND see.AcademicYearID IN (SELECT Id FROM Branch_Academic_Details WHERE GETDATE() BETWEEN Start_Date AND End_Date AND Branch_Id IN (SELECT Branch_Id FROM UserAccountRoleDetails WHERE UserID = @UserId)) AND se.IsDeleted = 0 AND see.IsCancelled = 0 AND smm.Name IS NOT NULL GROUP BY smm.Name ORDER BY TotalCount DESC",sports equipment inventory show me
490,10.6,stop,FAIL,,InventoryItem_Master.IsDamaged; InventoryItem_Master.IsExpired; UserAccountRoleDetails.Branch_Id,[unknown_column] Column 'IsExpired' does not exist on table 'InventoryItem_Master' (referenced as 'iim.IsExpired'). | [unknown_column] Column 'IsDamaged' does not exist on table 'InventoryItem_Master' (referenced as 'iim.IsDamaged'). | [unknown_column] Column 'Branch_Id' does not exist on table 'UserAccountRoleDetails' (selected in the scoping subquery's select-list) — did you mean 'BranchID'?.,"SELECT iim.ItemName, iim.ItemCode FROM InventoryItem_Master iim WHERE (iim.IsExpired = 1 OR iim.IsDamaged = 1) AND iim.BranchID IN (SELECT Branch_Id FROM UserAccountRoleDetails WHERE UserID = @UserId) AND (iim.IsDeleted IS NULL OR iim.IsDeleted = 0)",which items expired or damaged in store
487,11.5,stop,FAIL,UniformIssueMaster,,[unknown_table] Table 'UniformIssueMaster' does not exist in the schema.,SELECT COUNT(*) AS TotalUniformsSold FROM UniformIssueMaster uim WHERE YEAR(uim.IssuedDate) = YEAR(GETDATE()) AND uim.BranchID IN (SELECT Branch_Id FROM Branch_Academic_Details WHERE GETDATE() BETWEEN Start_Date AND End_Date AND Branch_Id IN (<scoping>)) AND (uim.IsDeleted = 0 OR uim.IsDeleted IS NULL),how many uniforms sold this year
485,9.1,stop,FAIL,,InventoryItem_Master.ASC; UserAccountRoleDetails.Branch_Id,"[unknown_column] Column 'ASC' does not exist on table 'InventoryItem_Master' (unqualified reference, single-table query). | [unknown_column] Column 'Branch_Id' does not exist on table 'UserAccountRoleDetails' (selected in the scoping subquery's select-list) — did you mean 'BranchID'?.","SELECT iim.ItemName, iim.ItemCode, iim.StockInHand FROM InventoryItem_Master iim WHERE iim.BranchID IN (SELECT Branch_Id FROM UserAccountRoleDetails WHERE UserID = @UserId) AND iim.IsDeleted = 0 ORDER BY iim.StockInHand ASC",which items are low in stock need to order
484,6.4,stop,FAIL,LibraryBookMaster,,[unknown_table] Table 'LibraryBookMaster' does not exist in the schema.,SELECT COUNT(*) AS BooksInStock FROM LibraryBookMaster WHERE BranchID IN (SELECT Branch_Id FROM Branch_Academic_Details WHERE GETDATE() BETWEEN Start_Date AND End_Date) AND IsDeleted = 0,how many books left in stock in library
483,16.9,stop,FAIL,BusMaster,UserAccountRoleDetails.Branch_Id,[unknown_table] Table 'BusMaster' does not exist in the schema. | [unknown_column] Column 'Branch_Id' does not exist on table 'UserAccountRoleDetails' (selected in the scoping subquery's select-list) — did you mean 'BranchID'?.,"SELECT bm.Vehicle_Number, bm.Insurance_Expiry_Date, CASE WHEN bm.IsInsuranceRenewed = 1 THEN 'Yes' ELSE 'No' END AS InsuranceRenewed, bm.PUC_Date, CASE WHEN bm.IsPUCCompleted = 1 THEN 'Yes' ELSE 'No' END AS PUCCompleted FROM BusMaster bm WHERE (bm.IsDeleted IS NULL OR bm.IsDeleted = 0) AND bm.BranchID IN (SELECT Branch_Id FROM UserAccountRoleDetails WHERE UserID = @UserId) ORDER BY bm.Insurance_Expiry_Date, bm.PUC_Date",vehicle documents insurance puc expiry status all buses
481,9.8,stop,FAIL,DriverFeedback,UserAccountRoleDetails.Branch_Id,[unknown_table] Table 'DriverFeedback' does not exist in the schema. | [unknown_column] Column 'Branch_Id' does not exist on table 'UserAccountRoleDetails' (selected in the scoping subquery's select-list) — did you mean 'BranchID'?.,"SELECT TOP 1 dm.Name AS DriverName, COUNT(*) AS Complaints FROM DriverMaster dm INNER JOIN DriverFeedback df ON dm.Id = df.DriverID WHERE df.BranchID IN (SELECT Branch_Id FROM UserAccountRoleDetails WHERE UserID = @UserId) AND df.FeedbackText IS NOT NULL GROUP BY dm.Name ORDER BY COUNT(*) DESC",which driver has most complaints
478,11.4,stop,PASS,,,,SELECT COUNT(DISTINCT sad.StudentID) AS TransportPending FROM StudentAcademicDetail sad WHERE sad.TransportRequired = 1 AND (sad.IsTCIssued = 0 OR sad.IsTCIssued IS NULL) AND sad.AcademicYearID IN (SELECT Id FROM Branch_Academic_Details WHERE GETDATE() BETWEEN Start_Date AND End_Date AND Branch_Id IN (<scoping>)),students waiting for transport allocation
477,9.1,stop,FAIL,BusMaster,UserAccountRoleDetails.Branch_Id,[unknown_table] Table 'BusMaster' does not exist in the schema. | [unknown_column] Column 'Branch_Id' does not exist on table 'UserAccountRoleDetails' (selected in the scoping subquery's select-list) — did you mean 'BranchID'?.,"SELECT bm.RegistrationNo, bm.Make, bm.Model FROM BusMaster bm WHERE (bm.IsDueForService = 1 OR bm.IsFitnessExpiry = 1) AND bm.BranchID IN (SELECT Branch_Id FROM UserAccountRoleDetails WHERE UserID = @UserId) AND bm.IsDeleted = 0",any bus due for servicing or fitness expiry
474,11.9,stop,FAIL,,FeesCollection_Details.Bill_Date,[unknown_column] Column 'Bill_Date' does not exist on table 'FeesCollection_Details' (referenced as 'fcd.Bill_Date'). | [unknown_column] Column 'Bill_Date' does not exist on table 'FeesCollection_Details' (referenced as 'fcd.Bill_Date').,"SELECT SUM(fcd.Paid_Amt) AS FuelExpense FROM FeesCollection_Details fcd WHERE fcd.Fees_Head_ID IN (SELECT ID FROM Fees_Master WHERE Name = 'Fuel') AND DATEPART(MONTH, fcd.Bill_Date) = DATEPART(MONTH, GETDATE()) AND DATEPART(YEAR, fcd.Bill_Date) = DATEPART(YEAR, GETDATE())",fuel expense this month for transport
460,15.4,stop,FAIL,,EmployeeMaster.ContractExpiryDate,[unknown_column] Column 'ContractExpiryDate' does not exist on table 'EmployeeMaster' (referenced as 'em.ContractExpiryDate'). | [unknown_column] Column 'ContractExpiryDate' does not exist on table 'EmployeeMaster' (referenced as 'em.ContractExpiryDate'). | [unknown_column] Column 'ContractExpiryDate' does not exist on table 'EmployeeMaster' (referenced as 'em.ContractExpiryDate').,"SELECT sm.Staff_FirstName + ' ' + sm.Staff_LastName AS StaffName, sm.Staff_ID, em.ContractExpiryDate FROM EmployeeMaster em INNER JOIN Staff_Master sm ON em.StaffID = sm.Staff_ID WHERE em.IsHold <> 1 AND (em.IsDeleted IS NULL OR em.IsDeleted = 0) AND sm.StaffStatus_ID = 1 AND em.ContractExpiryDate BETWEEN GETDATE() AND DATEADD(MONTH, 1, GETDATE()) ORDER BY em.ContractExpiryDate",staff whose contract expiring soon
457,7.9,stop,FAIL,,Staff_Master.Gender; UserAccountRoleDetails.Branch_Id,[unknown_column] Column 'Gender' does not exist on table 'Staff_Master' (referenced as 'sm.Gender'). | [unknown_column] Column 'Gender' does not exist on table 'Staff_Master' (referenced as 'sm.Gender'). | [unknown_column] Column 'Branch_Id' does not exist on table 'UserAccountRoleDetails' (selected in the scoping subquery's select-list) — did you mean 'BranchID'?.,"SELECT sm.Gender, COUNT(*) AS StaffCount FROM Staff_Master sm WHERE sm.BranchID IN (SELECT Branch_Id FROM UserAccountRoleDetails WHERE UserID = @UserId) AND (sm.IsDeleted IS NULL OR sm.IsDeleted = 0) GROUP BY sm.Gender",how many female vs male staff
452,10.3,stop,FAIL,,UserAccountRoleDetails.Branch_Id,[unknown_column] Column 'Branch_Id' does not exist on table 'UserAccountRoleDetails' (selected in the scoping subquery's select-list) — did you mean 'BranchID'?.,SELECT sm.Staff_FirstName + ' ' + sm.Staff_LastName AS TeacherName FROM Staff_Master sm WHERE (sm.Qualification IS NULL OR sm.Qualification = '') AND sm.BranchID IN (SELECT Branch_Id FROM UserAccountRoleDetails WHERE UserID = @UserId) AND sm.IsDeleted = 0 AND sm.StaffStatus_ID = 1,teachers without any qualification updated in system
438,10.8,stop,FAIL,,StudentAttendance.InformedStudent; UserAccountRoleDetails.Branch_Id,[unknown_column] Column 'InformedStudent' does not exist on table 'StudentAttendance' (referenced as 'sa.InformedStudent'). | [unknown_column] Column 'InformedStudent' does not exist on table 'StudentAttendance' (referenced as 'sa.InformedStudent'). | [unknown_column] Column 'Branch_Id' does not exist on table 'UserAccountRoleDetails' (selected in the scoping subquery's select-list) — did you mean 'BranchID'?.,SELECT COUNT(*) AS AbsentWithoutInfo FROM StudentAttendance sa WHERE CAST(sa.Attendance_Date AS DATE) = CAST(GETDATE() AS DATE) AND sa.Attendance_Status_ID = 2 AND (sa.InformedStudent IS NULL OR sa.InformedStudent = 0) AND sa.BranchID IN (SELECT Branch_Id FROM UserAccountRoleDetails WHERE UserID = @UserId),how many students absent without informing today
432,27.3,stop,FAIL,,StudentAttendance.Staff_ID; UserAccountRoleDetails.Branch_Id,[unknown_column] Column 'Staff_ID' does not exist on table 'StudentAttendance' (referenced as 'sa.Staff_ID'). | [unknown_column] Column 'Branch_Id' does not exist on table 'UserAccountRoleDetails' (selected in the scoping subquery's select-list) — did you mean 'BranchID'?. | [unknown_column] Column 'Branch_Id' does not exist on table 'UserAccountRoleDetails' (selected in the scoping subquery's select-list) — did you mean 'BranchID'?.,"SELECT sm.Staff_FirstName + ' ' + sm.Staff_LastName AS TeacherName, COUNT(*) AS DaysNotMarked FROM (SELECT sa.Attendance_Date, sa.Staff_ID FROM StudentAttendance sa WHERE sa.BranchID IN (SELECT Branch_Id FROM UserAccountRoleDetails WHERE UserID = @UserId) AND MONTH(sa.Attendance_Date) = MONTH(GETDATE()) AND YEAR(sa.Attendance_Date) = YEAR(GETDATE())) AS t1 FULL OUTER JOIN (SELECT DISTINCT Attendance_Date, Staff_ID FROM StudentAttendance WHERE BranchID IN (SELECT Branch_Id FROM UserAccountRoleDetails WHERE UserID = @UserId)) AS t2 ON t1.Staff_ID = t2.Staff_ID AND t1.Attendance_Date = t2.Attendance_Date LEFT JOIN Staff_Master sm ON t2.Staff_ID = sm.Staff_ID WHERE t1.Staff_ID IS NULL GROUP BY sm.Staff_FirstName + ' ' + sm.Staff_LastName ORDER BY DaysNotMarked DESC",which teacher not marking attendance regularly
426,20.4,stop,FAIL,,StudentAttendance.InTime; UserAccountRoleDetails.Branch_Id,[unknown_column] Column 'InTime' does not exist on table 'StudentAttendance' (referenced as 'sa.InTime'). | [unknown_column] Column 'InTime' does not exist on table 'StudentAttendance' (referenced as 'sa.InTime'). | [unknown_column] Column 'InTime' does not exist on table 'StudentAttendance' (referenced as 'sa.InTime'). | [unknown_column] Column 'Branch_Id' does not exist on table 'UserAccountRoleDetails' (selected in the scoping subquery's select-list) — did you mean 'BranchID'?.,"SELECT sm.AdmissionNo, ISNULL(sm.FirstName, '') + ' ' + ISNULL(sm.MiddleName, '') + ' ' + ISNULL(sm.LastName, '') AS StudentName, cm.Name AS ClassName, secm.Name AS SectionName, sa.InTime FROM StudentAttendance sa JOIN Student_Master sm ON sa.Student_ID = sm.ID JOIN ClassMaster cm ON sa.Class_ID = cm.ID JOIN SectionMaster secm ON sa.Section_ID = secm.ID WHERE CAST(sa.Attendance_Date AS DATE) = CAST(GETDATE() AS DATE) AND sa.InTime > '09:00' AND sa.BranchID IN (SELECT Branch_Id FROM UserAccountRoleDetails WHERE UserID = @UserId) ORDER BY sa.InTime DESC",students who came late today
412,24.4,stop,FAIL,,StudentMarkDetails.MarksDate; UserAccountRoleDetails.Branch_Id,[unknown_column] Column 'MarksDate' does not exist on table 'StudentMarkDetails' (referenced as 'smd.MarksDate'). | [unknown_column] Column 'MarksDate' does not exist on table 'StudentMarkDetails' (referenced as 'smd.MarksDate'). | [unknown_column] Column 'MarksDate' does not exist on table 'StudentMarkDetails' (referenced as 'smd.MarksDate'). | [unknown_column] Column 'MarksDate' does not exist on table 'StudentMarkDetails' (referenced as 'smd.MarksDate'). | [unknown_column] Column 'Branch_Id' does not exist on table 'UserAccountRoleDetails' (selected in the scoping subquery's select-list) — did you mean 'BranchID'?.,"SELECT MONTH(smd.MarksDate) AS MonthNo, DATENAME(MONTH, smd.MarksDate) AS MonthName, CAST(AVG(smd.Marks) AS DECIMAL(5,2)) AS AvgMarks FROM StudentMarkDetails smd INNER JOIN StudentMarkMaster smm ON smd.HeaderID = smm.ID INNER JOIN ClassMaster c ON smm.ClassID = c.ID WHERE smd.BranchID IN (SELECT Branch_Id FROM UserAccountRoleDetails WHERE UserID = @UserId) AND smd.Deleted = 0 AND (smd.Others IS NULL OR smd.Others NOT IN ('AB', 'NT')) AND smm.Deleted = 0 AND c.Name = 'Class 8' GROUP BY MONTH(smd.MarksDate), DATENAME(MONTH, smd.MarksDate) ORDER BY MonthNo",average marks trend for class 8 whole year
410,14.6,stop,FAIL,,ProgressCardDataRetrieval.ClassName; UserAccountRoleDetails.Branch_Id,[unknown_column] Column 'ClassName' does not exist on table 'ProgressCardDataRetrieval' (referenced as 'pc.ClassName'). | [unknown_column] Column 'Branch_Id' does not exist on table 'UserAccountRoleDetails' (selected in the scoping subquery's select-list) — did you mean 'BranchID'?.,"SELECT CASE WHEN SUM(CASE WHEN pc.SubjectName = 'Physics' THEN pc.Marks END) > 0 THEN 'Science' END AS Stream, CAST(AVG(pc.Marks) AS DECIMAL(5,2)) AS AvgMarks FROM ProgressCardDataRetrieval pc WHERE pc.ClassName = 'Class 11' AND (pc.IsDeleted IS NULL OR pc.IsDeleted = 0) AND pc.BranchID IN (SELECT Branch_Id FROM UserAccountRoleDetails WHERE UserID = @UserId)",which stream science commerce arts best result class 11
408,28.1,stop,FAIL,,StudentMarkDetails.Subject_ID; UserAccountRoleDetails.Branch_Id,[unknown_column] Column 'Subject_ID' does not exist on table 'StudentMarkDetails' (referenced as 'smd.Subject_ID'). | [unknown_column] Column 'Branch_Id' does not exist on table 'UserAccountRoleDetails' (selected in the scoping subquery's select-list) — did you mean 'BranchID'?.,"SELECT cm.Name AS ClassName, sub.Name AS SubjectName, smd.StudentID, stm.AdmissionNo, ISNULL(stm.FirstName,'') + ' ' + ISNULL(stm.LastName,'') AS StudentName, SUM(smd.Marks) AS TotalMarks FROM StudentMarkDetails smd INNER JOIN StudentMarkMaster smm ON smd.HeaderID = smm.ID INNER JOIN ClassMaster cm ON smm.ClassID = cm.ID INNER JOIN Subject_Master sub ON smd.Subject_ID = sub.Id INNER JOIN Student_Master stm ON smd.StudentID = stm.ID WHERE smd.BranchID IN (SELECT Branch_Id FROM UserAccountRoleDetails WHERE UserID = @UserId) AND smd.Deleted = 0 AND (smd.Others IS NULL OR NOT smd.Others IN ('AB', 'NT')) AND cm.Name = 'Class 12' GROUP BY cm.Name, sub.Name, smd.StudentID, stm.AdmissionNo, stm.FirstName, stm.LastName ORDER BY TotalMarks DESC",top 3 students in each subject class 12
406,19.3,stop,FAIL,,UserAccountRoleDetails.Branch_Id,[unknown_column] Column 'Branch_Id' does not exist on table 'UserAccountRoleDetails' (selected in the scoping subquery's select-list) — did you mean 'BranchID'?.,"SELECT et.Name AS ExamType, CAST(AVG(smd.Marks) AS DECIMAL(5,2)) AS AvgMarks FROM StudentMarkDetails smd INNER JOIN StudentMarkMaster smm ON smd.HeaderID = smm.ID INNER JOIN ExamTypeMaster et ON smm.ExamTypeID = et.ID WHERE smd.BranchID IN (SELECT Branch_Id FROM UserAccountRoleDetails WHERE UserID = @UserId) AND smd.Deleted = 0 AND (smd.Others IS NULL OR NOT smd.Others IN ('AB', 'NT')) AND smm.Deleted = 0 AND et.IsDeleted = 0 GROUP BY et.Name ORDER BY AvgMarks DESC",performance of RTE students in exams overall
404,15.7,stop,FAIL,,ProgressCardDataRetrieval.TeacherID; UserAccountRoleDetails.Branch_Id,[unknown_column] Column 'TeacherID' does not exist on table 'ProgressCardDataRetrieval' (referenced as 'pc.TeacherID'). | [unknown_column] Column 'Branch_Id' does not exist on table 'UserAccountRoleDetails' (selected in the scoping subquery's select-list) — did you mean 'BranchID'?.,"SELECT sm.Staff_FirstName + ' ' + sm.Staff_LastName AS TeacherName, COUNT(DISTINCT pc.StudentID) AS PendingStudents FROM ProgressCardDataRetrieval pc INNER JOIN Staff_Master sm ON pc.TeacherID = sm.Staff_ID WHERE (pc.Marks IS NULL OR pc.Marks = '') AND pc.BranchID IN (SELECT Branch_Id FROM UserAccountRoleDetails WHERE UserID = @UserId) AND pc.SubjectTypeID = 1 GROUP BY sm.Staff_FirstName, sm.Staff_LastName ORDER BY PendingStudents DESC",marks entry pending teacher wise show me
390,13.7,stop,FAIL,ExamProgressCardDataRetrieval,UserAccountRoleDetails.Branch_Id,[unknown_table] Table 'ExamProgressCardDataRetrieval' does not exist in the schema. | [unknown_column] Column 'Branch_Id' does not exist on table 'UserAccountRoleDetails' (selected in the scoping subquery's select-list) — did you mean 'BranchID'?. | [unknown_column] Column 'Branch_Id' does not exist on table 'UserAccountRoleDetails' (selected in the scoping subquery's select-list) — did you mean 'BranchID'?.,SELECT COUNT(*) AS UnmarkedPapers FROM ExamProgressCardDataRetrieval pc WHERE (pc.Marks IS NULL OR pc.Marks = '') AND pc.BranchID IN (SELECT Branch_Id FROM UserAccountRoleDetails WHERE UserID = @UserId) AND pc.AcademicYearID IN (SELECT Id FROM Branch_Academic_Details WHERE GETDATE() BETWEEN Start_Date AND End_Date AND Branch_Id IN (SELECT Branch_Id FROM UserAccountRoleDetails WHERE UserID = @UserId)),how many exam papers still not evaluated
388,23.7,stop,FAIL,,UserAccountRoleDetails.Branch_Id,[unknown_column] Column 'Branch_Id' does not exist on table 'UserAccountRoleDetails' (selected in the scoping subquery's select-list) — did you mean 'BranchID'?. | [unknown_column] Column 'Branch_Id' does not exist on table 'UserAccountRoleDetails' (selected in the scoping subquery's select-list) — did you mean 'BranchID'?.,"SELECT SUM(CASE WHEN pc.SubjectName = 'Mathematics' THEN pc.Marks ELSE 0 END) AS CommerceMaths, SUM(CASE WHEN pc.SubjectName = 'Physics' THEN pc.Marks ELSE 0 END) AS SciencePhysics FROM ProgressCardDataRetrieval pc INNER JOIN ClassMaster cm ON pc.ClassID = cm.ID WHERE cm.Name IN ('Class 11 Commerce', 'Class 11 Science') AND pc.BranchID IN (SELECT Branch_Id FROM UserAccountRoleDetails WHERE UserID = @UserId) AND pc.AcademicYearID IN (SELECT Id FROM Branch_Academic_Details WHERE GETDATE() BETWEEN Start_Date AND End_Date AND Branch_Id IN (SELECT Branch_Id FROM UserAccountRoleDetails WHERE UserID = @UserId)) AND (pc.IsDeleted = 0 OR pc.IsDeleted IS NULL)",class 11 commerce vs science average marks
382,43.7,stop,FAIL,,StudentMarkMaster.TermID; UserAccountRoleDetails.Branch_Id,[unknown_column] Column 'TermID' does not exist on table 'StudentMarkMaster' (referenced as 'smm.TermID'). | [unknown_column] Column 'Branch_Id' does not exist on table 'UserAccountRoleDetails' (selected in the scoping subquery's select-list) — did you mean 'BranchID'?.,"SELECT cm.Name AS ClassName, secm.Name AS SectionName, etm.Name AS TermName FROM ClassMaster cm JOIN SectionMaster secm ON NOT EXISTS (SELECT 1 FROM StudentMarkMaster smm WHERE smm.ClassID = cm.ID AND smm.SectionID = secm.ID) JOIN ExamTermMaster etm ON NOT EXISTS (SELECT 1 FROM StudentMarkMaster smm WHERE smm.ClassID = cm.ID AND smm.TermID = etm.ID) WHERE cm.BranchID IN (SELECT Branch_Id FROM UserAccountRoleDetails WHERE UserID = @UserId) AND cm.IsDeleted = 0",result not entered for which classes yet?
377,13.1,stop,FAIL,,StudentMarkDetails.IsRepeating; UserAccountRoleDetails.Branch_Id,[unknown_column] Column 'IsRepeating' does not exist on table 'StudentMarkDetails' (referenced as 'smd.IsRepeating'). | [unknown_column] Column 'Branch_Id' does not exist on table 'UserAccountRoleDetails' (selected in the scoping subquery's select-list) — did you mean 'BranchID'?.,"SELECT COUNT(DISTINCT smd.StudentID) AS ReappearingStudents FROM StudentMarkDetails smd INNER JOIN ExamConfigurationEvaluationDetails eced ON smd.EvalHierID = eced.ID WHERE smd.IsRepeating = 1 AND (smd.Others IS NULL OR smd.Others NOT IN ('AB', 'NT')) AND smd.BranchID IN (SELECT Branch_Id FROM UserAccountRoleDetails WHERE UserID = @UserId)",how many reappear or supplementary cases this exam
376,29.8,stop,FAIL,,StudentAcademicDetail.AttendancePercent; StudentMarkDetails.SubjectID; UserAccountRoleDetails.Branch_Id,[unknown_column] Column 'AttendancePercent' does not exist on table 'StudentAcademicDetail' (referenced as 'sad.AttendancePercent'). | [unknown_column] Column 'SubjectID' does not exist on table 'StudentMarkDetails' (referenced as 'smd.SubjectID'). | [unknown_column] Column 'Branch_Id' does not exist on table 'UserAccountRoleDetails' (selected in the scoping subquery's select-list) — did you mean 'BranchID'?. | [unknown_column] Column 'Branch_Id' does not exist on table 'UserAccountRoleDetails' (selected in the scoping subquery's select-list) — did you mean 'BranchID'?.,"SELECT CASE WHEN smd.Marks >= pc.MinMark THEN 'Topper' ELSE 'Failure' END AS Category, CAST(AVG(sad.AttendancePercent) * 100 AS DECIMAL(5,2)) AS AvgAttendance FROM StudentAcademicDetail sad JOIN ProgressCardDataRetrieval pc ON sad.StudentID = pc.StudentID AND pc.IsDeleted = 0 JOIN StudentMarkDetails smd ON pc.StudentID = smd.StudentID AND pc.SubjectID = smd.SubjectID WHERE pc.BranchID IN (SELECT Branch_Id FROM UserAccountRoleDetails WHERE UserID = @UserId) AND pc.AcademicYearID IN (SELECT Id FROM Branch_Academic_Details WHERE GETDATE() BETWEEN Start_Date AND End_Date AND Branch_Id IN (SELECT Branch_Id FROM UserAccountRoleDetails WHERE UserID = @UserId)) AND (pc.IsDeleted = 0 OR pc.IsDeleted IS NULL) AND smd.Marks >= 0 GROUP BY CASE WHEN smd.Marks >= pc.MinMark THEN 'Topper' ELSE 'Failure' END",average attendance of toppers vs failures any pattern?
375,16.5,stop,FAIL,,StudentMarkDetails.SubjectEvaluationDetails; UserAccountRoleDetails.Branch_Id,[unknown_column] Column 'SubjectEvaluationDetails' does not exist on table 'StudentMarkDetails' (referenced as 'smd.SubjectEvaluationDetails'). | [unknown_column] Column 'Branch_Id' does not exist on table 'UserAccountRoleDetails' (selected in the scoping subquery's select-list) — did you mean 'BranchID'?.,"SELECT smd.StudentID, stm.AdmissionNo, ISNULL(stm.FirstName,'') + ' ' + ISNULL(stm.LastName,'') AS StudentName, smd.Marks FROM StudentMarkDetails smd INNER JOIN Student_Master stm ON smd.StudentID = stm.ID WHERE smd.BranchID IN (SELECT Branch_Id FROM UserAccountRoleDetails WHERE UserID = @UserId) AND smd.Deleted = 0 AND smd.SubjectEvaluationDetails->>'SubjectName' LIKE '%Science%' AND smd.Marks < 33 ORDER BY smd.Marks ASC",students scoring less than 33 in science
374,28.0,stop,FAIL,,StudentMarkDetails.Student_ID; UserAccountRoleDetails.Branch_Id,[unknown_column] Column 'Student_ID' does not exist on table 'StudentMarkDetails' (referenced as 'smd.Student_ID'). | [unknown_column] Column 'Branch_Id' does not exist on table 'UserAccountRoleDetails' (selected in the scoping subquery's select-list) — did you mean 'BranchID'?. | [unknown_column] Column 'Branch_Id' does not exist on table 'UserAccountRoleDetails' (selected in the scoping subquery's select-list) — did you mean 'BranchID'?.,"SELECT COUNT(DISTINCT sad.StudentID) AS TotalStudents, CAST(AVG(smd.Marks) AS DECIMAL(5,2)) AS AvgMarks, MAX(smd.Marks) AS HighestMarks, MIN(smd.Marks) AS LowestMarks FROM StudentMarkDetails smd JOIN StudentAcademicDetail sad ON smd.Student_ID = sad.StudentID JOIN ClassMaster cm ON sad.ClassID = cm.ID WHERE smd.BranchID IN (SELECT Branch_Id FROM UserAccountRoleDetails WHERE UserID = @UserId AND IsDeleted = 0) AND smd.Deleted = 0 AND (smd.Others IS NULL OR NOT smd.Others IN ('AB', 'NT')) AND sad.AcademicYearID IN (SELECT Id FROM Branch_Academic_Details WHERE GETDATE() BETWEEN Start_Date AND End_Date AND Branch_Id IN (SELECT Branch_Id FROM UserAccountRoleDetails WHERE UserID = @UserId AND IsDeleted = 0)) AND cm.Name = 'Class 6'",class 6 result summary quick
371,15.4,stop,FAIL,,ProgressCardDataRetrieval.StaffName; UserAccountRoleDetails.Branch_Id,[unknown_column] Column 'StaffName' does not exist on table 'ProgressCardDataRetrieval' (referenced as 'pc.StaffName'). | [unknown_column] Column 'StaffName' does not exist on table 'ProgressCardDataRetrieval' (referenced as 'pc.StaffName'). | [unknown_column] Column 'Branch_Id' does not exist on table 'UserAccountRoleDetails' (selected in the scoping subquery's select-list) — did you mean 'BranchID'?.,"SELECT TOP 1 pc.SubjectName AS SubjectName, pc.StaffName AS TeacherName, CAST(AVG(pc.Marks) AS DECIMAL(5,2)) AS AvgMarks FROM ProgressCardDataRetrieval pc WHERE pc.BranchID IN (SELECT Branch_Id FROM UserAccountRoleDetails WHERE UserID = @UserId AND IsDeleted = 0) AND pc.SubjectTypeID = 1 AND pc.EvaluationTypeID = 2 AND pc.ParentSubjectID IS NULL GROUP BY pc.SubjectName, pc.StaffName ORDER BY AvgMarks DESC",which teacher's class scored best in her subject
365,16.9,stop,PASS,,,,"SELECT COUNT(DISTINCT sad.StudentID) AS AbsentCount FROM StudentAcademicDetail sad JOIN Student_Master sm ON sad.StudentID = sm.ID JOIN ClassMaster cm ON sad.ClassID = cm.ID WHERE (sad.IsTCIssued = 0 OR sad.IsTCIssued IS NULL) AND sad.AcademicYearID IN (SELECT Id FROM Branch_Academic_Details WHERE GETDATE() BETWEEN Start_Date AND End_Date AND Branch_Id IN (@UserId)) AND cm.Name LIKE '%Unit%' AND sm.AdmissionDate < DATEADD(MONTH, -1, GETDATE())",how many absent in the last unit test
362,25.0,stop,FAIL,,StudentMarkDetails.Subject_ID; UserAccountRoleDetails.Branch_Id,[unknown_column] Column 'Subject_ID' does not exist on table 'StudentMarkDetails' (referenced as 'smd.Subject_ID'). | [unknown_column] Column 'Branch_Id' does not exist on table 'UserAccountRoleDetails' (selected in the scoping subquery's select-list) — did you mean 'BranchID'?.,"SELECT secm.Name AS SectionName, CAST(AVG(smd.Marks) AS DECIMAL(5,2)) AS AvgMarks FROM StudentMarkDetails smd INNER JOIN StudentMarkMaster smm ON smd.HeaderID = smm.ID INNER JOIN Subject_Master sub ON smd.Subject_ID = sub.Id INNER JOIN ClassMaster cm ON smm.ClassID = cm.ID INNER JOIN SectionMaster secm ON smm.SectionID = secm.ID WHERE smd.BranchID IN (SELECT Branch_Id FROM UserAccountRoleDetails WHERE UserID = @UserId) AND smd.Deleted = 0 AND (smd.Others IS NULL OR NOT smd.Others IN ('AB', 'NT')) AND sub.Name = 'Science' AND cm.Name = 'Class 10' AND secm.Name IN ('A', 'B') GROUP BY secm.Name ORDER BY AvgMarks DESC",which section performed better in science 10A or 10B
361,21.5,stop,FAIL,,StudentMarkDetails.Subject_ID; Subject_Master.SubjectTypeID; UserAccountRoleDetails.Branch_Id,[unknown_column] Column 'Subject_ID' does not exist on table 'StudentMarkDetails' (referenced as 'smd.Subject_ID'). | [unknown_column] Column 'SubjectTypeID' does not exist on table 'Subject_Master' (referenced as 'sub.SubjectTypeID'). | [unknown_column] Column 'Branch_Id' does not exist on table 'UserAccountRoleDetails' (selected in the scoping subquery's select-list) — did you mean 'BranchID'?.,"SELECT sub.Name AS SubjectName, CAST(AVG(smd.Marks) AS DECIMAL(5,2)) AS AvgMarks FROM StudentMarkDetails smd INNER JOIN StudentMarkMaster smm ON smd.HeaderID = smm.ID INNER JOIN Subject_Master sub ON smd.Subject_ID = sub.Id INNER JOIN ClassMaster cm ON smm.ClassID = cm.ID WHERE smd.BranchID IN (SELECT Branch_Id FROM UserAccountRoleDetails WHERE UserID = @UserId) AND smd.Deleted = 0 AND (smd.Others IS NULL OR NOT smd.Others IN ('AB', 'NT', 'NA')) AND sub.SubjectTypeID = 2 AND cm.Name = 'Class 12' GROUP BY sub.Name ORDER BY AvgMarks DESC",result analysis of class 12 science stream
355,16.3,stop,FAIL,,StudentMarkMaster.Marks; StudentMarkMaster.Others; StudentMarkMaster.StudentID,[unknown_column] Column 'StudentID' does not exist on table 'StudentMarkMaster' (referenced as 'smm.StudentID'). | [unknown_column] Column 'Marks' does not exist on table 'StudentMarkMaster' (referenced as 'smm.Marks'). | [unknown_column] Column 'Others' does not exist on table 'StudentMarkMaster' (referenced as 'smm.Others'). | [unknown_column] Column 'Others' does not exist on table 'StudentMarkMaster' (referenced as 'smm.Others').,"SELECT COUNT(DISTINCT sad.StudentID) AS FailedStudents FROM StudentMarkMaster smm INNER JOIN StudentAcademicDetail sad ON smm.StudentID = sad.StudentID AND smm.ClassID = 8 WHERE smm.Marks < 50 AND (smm.Others IS NULL OR smm.Others NOT IN ('AB', 'NT')) AND smm.Deleted = 0 AND sad.AcademicYearID IN (SELECT Id FROM Branch_Academic_Details WHERE GETDATE() BETWEEN Start_Date AND End_Date AND Branch_Id IN (@UserId))",how many students failed in any subject class 8
350,14.0,stop,FAIL,,FeesCollection_Details.Branch_ID; FeesCollection_Details.WriteOff_Amt,[unknown_column] Column 'WriteOff_Amt' does not exist on table 'FeesCollection_Details' (referenced as 'fcd.WriteOff_Amt'). | [unknown_column] Column 'Branch_ID' does not exist on table 'FeesCollection_Details' (referenced as 'fcd.Branch_ID'). | [unknown_column] Column 'WriteOff_Amt' does not exist on table 'FeesCollection_Details' (referenced as 'fcd.WriteOff_Amt').,SELECT SUM(fcd.WriteOff_Amt) AS TotalWriteOff FROM FeesCollection_Details fcd WHERE fcd.Branch_ID IN (SELECT BranchID FROM UserAccountRoleDetails WHERE UserID = @UserId) AND fcd.AcademicYearID IN (SELECT Id FROM Branch_Academic_Details WHERE GETDATE() BETWEEN Start_Date AND End_Date AND Branch_Id IN (SELECT BranchID FROM UserAccountRoleDetails WHERE UserID = @UserId)) AND fcd.WriteOff_Amt > 0,how much money in fees we wrote off as bad debt
347,16.1,stop,FAIL,,FeesCollection_Details.Amount; FeesCollection_Details.Part_No,[unknown_column] Column 'Amount' does not exist on table 'FeesCollection_Details' (referenced as 'fcd.Amount'). | [unknown_column] Column 'Part_No' does not exist on table 'FeesCollection_Details' (referenced as 'fcd.Part_No').,"SELECT SUM(fcd.Amount) AS SecondInstallmentDue FROM FeesCollection_Details fcd WHERE fcd.Fees_Collection_ID IN (SELECT fc.Id FROM FeesCollection fc WHERE DATEPART(MONTH, fc.Bill_Date) = DATEPART(MONTH, GETDATE()) AND DATEPART(YEAR, fc.Bill_Date) = DATEPART(YEAR, GETDATE()) AND (fc.IsDeleted IS NULL OR fc.IsDeleted = 0) AND fc.ChequeStatus_ID IN (1, 2)) AND fcd.Part_No = 'B'",how much second installment is due this month total
346,23.3,stop,FAIL,,Student_Master.ConcessionCategory_ID,[unknown_column] Column 'ConcessionCategory_ID' does not exist on table 'Student_Master' (referenced as 'sm.ConcessionCategory_ID').,"SELECT ccm.Name AS Category, COUNT(DISTINCT sad.StudentID) AS StudentCount FROM StudentAcademicDetail sad JOIN Student_Master sm ON sad.StudentID = sm.ID JOIN ClassMaster cm ON sad.ClassID = cm.ID JOIN SectionMaster secm ON sad.SectionID = secm.ID JOIN Branch_Academic_Details bad ON sad.AcademicYearID = bad.Id JOIN Concession_Category_Master ccm ON ISNULL(sm.ConcessionCategory_ID, 0) = ccm.ID WHERE (sad.IsTCIssued = 0 OR sad.IsTCIssued IS NULL) AND GETDATE() BETWEEN bad.Start_Date AND bad.End_Date AND sm.StaffChild = 1 AND cm.Name IN ('RTE', 'MERIT') GROUP BY ccm.Name ORDER BY COUNT(DISTINCT sad.StudentID) DESC",fee concession category wise breakup staff sibling rte merit
342,15.0,stop,FAIL,,FeesCollection_Details.ReminderNo; UserAccountRoleDetails.Branch_Id,[unknown_column] Column 'ReminderNo' does not exist on table 'FeesCollection_Details' (referenced as 'fcd.ReminderNo'). | [unknown_column] Column 'Branch_Id' does not exist on table 'UserAccountRoleDetails' (selected in the scoping subquery's select-list) — did you mean 'BranchID'?.,"SELECT COUNT(DISTINCT fc.Student_ID) AS StudentsReminded, SUM(fc.Receipt_Amt) AS TotalAmountCollected FROM FeesCollection_Details fcd JOIN FeesCollection fc ON fcd.Fees_Collection_ID = fc.Id WHERE fcd.ReminderNo IS NOT NULL AND (fc.IsDeleted = 0 OR fc.IsDeleted IS NULL) AND fc.ChequeStatus_ID IN (1, 2) AND fc.BranchID IN (SELECT Branch_Id FROM UserAccountRoleDetails WHERE UserID = @UserId)",how many reminders sent and how many paid after that
333,12.5,stop,FAIL,,StudentAcademicDetail.RemainingSecurityDeposit; StudentAcademicDetail.SecurityDepositAmount,[unknown_column] Column 'SecurityDepositAmount' does not exist on table 'StudentAcademicDetail' (referenced as 'sad.SecurityDepositAmount'). | [unknown_column] Column 'RemainingSecurityDeposit' does not exist on table 'StudentAcademicDetail' (referenced as 'sad.RemainingSecurityDeposit').,"SELECT SUM(sad.SecurityDepositAmount) AS TotalCollected, SUM(sad.RemainingSecurityDeposit) AS TotalRefundable FROM StudentAcademicDetail sad WHERE (sad.IsTCIssued = 0 OR sad.IsTCIssued IS NULL) AND sad.AcademicYearID IN (SELECT Id FROM Branch_Academic_Details WHERE GETDATE() BETWEEN Start_Date AND End_Date AND Branch_Id IN (<scoping>))",total security deposit collected and refundable
316,12.1,stop,FAIL,,BusFeeStrucure.Concession_Amt; UserAccountRoleDetails.Branch_Id,[unknown_column] Column 'Concession_Amt' does not exist on table 'BusFeeStrucure' (referenced as 'bfs.Concession_Amt'). | [unknown_column] Column 'Branch_Id' does not exist on table 'UserAccountRoleDetails' (selected in the scoping subquery's select-list) — did you mean 'BranchID'?.,"SELECT rm.Name AS RouteName, SUM(bfs.Amount - ISNULL(bfs.Concession_Amt, 0)) AS TransportFeePending FROM BusFeeStrucure bfs INNER JOIN Route_Master rm ON bfs.Route_ID = rm.ID WHERE bfs.IsDeleted = 0 AND bfs.BranchID IN (SELECT Branch_Id FROM UserAccountRoleDetails WHERE UserID = @UserId) GROUP BY rm.Name ORDER BY TransportFeePending DESC",how much transport fee pending route wise
315,28.2,stop,FAIL,,UserAccountRoleDetails.Branch_Id,[unknown_column] Column 'Branch_Id' does not exist on table 'UserAccountRoleDetails' (selected in the scoping subquery's select-list) — did you mean 'BranchID'?. | [unknown_column] Column 'Branch_Id' does not exist on table 'UserAccountRoleDetails' (selected in the scoping subquery's select-list) — did you mean 'BranchID'?.,"SELECT fc.Bill_Date, sm.FirstName + ' ' + sm.LastName AS StudentName, fcd.Fees_Head_ID, ISNULL(fcd.Concession_Amount, 0) AS ConcessionAmount FROM FeesCollection_Details fcd JOIN FeesCollection fc ON fcd.Fees_Collection_ID = fc.Id JOIN Student_Master sm ON fc.Student_ID = sm.ID WHERE fcd.BranchID IN (SELECT Branch_Id FROM UserAccountRoleDetails WHERE UserID = @UserId AND IsDeleted = 0) AND fcd.AcademicYearID IN (SELECT Id FROM Branch_Academic_Details WHERE GETDATE() BETWEEN Start_Date AND End_Date AND Branch_Id IN (SELECT Branch_Id FROM UserAccountRoleDetails WHERE UserID = @UserId AND IsDeleted = 0)) AND fc.ChequeStatus_ID NOT IN (3, 4) AND (fc.IsDeleted IS NULL OR fc.IsDeleted = 0) AND fcd.Concession_Amount > 0 ORDER BY fc.Bill_Date DESC",any concession given without approval? i want to check
300,25.3,stop,FAIL,,FeesCollection_Details.Student_ID; FeesInformationStudentDetail.Fees_Collection_ID; UserAccountRoleDetails.Branch_Id,[unknown_column] Column 'Fees_Collection_ID' does not exist on table 'FeesInformationStudentDetail' (referenced as 'fisd.Fees_Collection_ID'). | [unknown_column] Column 'Student_ID' does not exist on table 'FeesCollection_Details' (referenced as 'fcd.Student_ID'). | [unknown_column] Column 'Branch_Id' does not exist on table 'UserAccountRoleDetails' (selected in the scoping subquery's select-list) — did you mean 'BranchID'?. | [unknown_column] Column 'Branch_Id' does not exist on table 'UserAccountRoleDetails' (selected in the scoping subquery's select-list) — did you mean 'BranchID'?.,"SELECT COUNT(DISTINCT sad.StudentID) AS SiblingDiscountStudents, SUM(fcd.Paid_Amt) AS TotalAmount FROM FeesInformationStudentDetail fisd JOIN FeesCollection_Details fcd ON fisd.Fees_Collection_ID = fcd.Fees_Collection_ID JOIN StudentAcademicDetail sad ON fcd.Student_ID = sad.StudentID WHERE fisd.IsIncludedInLumpSum <> 1 AND fisd.IsDonation = 0 AND fisd.BranchID IN (SELECT Branch_Id FROM UserAccountRoleDetails WHERE UserID = @UserId) AND fisd.AcademicYearID IN (SELECT Id FROM Branch_Academic_Details WHERE GETDATE() BETWEEN Start_Date AND End_Date AND Branch_Id IN (SELECT Branch_Id FROM UserAccountRoleDetails WHERE UserID = @UserId)) AND fcd.Fees_Head_ID IN (SELECT ID FROM Fees_Master WHERE Name LIKE '%Sibling%')",how many siblings getting sibling discount and total amount
299,12.1,stop,FAIL,,FeesCollection_Details.Branch_ID,[unknown_column] Column 'Branch_ID' does not exist on table 'FeesCollection_Details' (referenced as 'fcd.Branch_ID').,SELECT SUM(fcd.Concession_Amount) AS RTEWaiver FROM FeesCollection_Details fcd WHERE fcd.Branch_ID IN (SELECT Branch_Id FROM Branch_Academic_Details WHERE GETDATE() BETWEEN Start_Date AND End_Date AND Branch_Id IN (<scoping>)) AND fcd.Fees_Head_ID = 102  -- Assuming 'RTE' is identified by a specific Fees_Head_ID,total fees waived off due to rte
292,10.6,stop,FAIL,,StudentAcademicDetail.InstallmentRequired,[unknown_column] Column 'InstallmentRequired' does not exist on table 'StudentAcademicDetail' (referenced as 'sad.InstallmentRequired').,SELECT COUNT(DISTINCT sad.StudentID) AS InstallmentStudents FROM StudentAcademicDetail sad WHERE sad.AcademicYearID IN (SELECT Id FROM Branch_Academic_Details WHERE GETDATE() BETWEEN Start_Date AND End_Date AND Branch_Id IN (@UserId)) AND sad.IsTCIssued = 0 AND sad.InstallmentRequired = 1,how many students on installment plan currently
291,17.5,stop,FAIL,,UserAccountRoleDetails.Branch_Id,[unknown_column] Column 'Branch_Id' does not exist on table 'UserAccountRoleDetails' (selected in the scoping subquery's select-list) — did you mean 'BranchID'?. | [unknown_column] Column 'Branch_Id' does not exist on table 'UserAccountRoleDetails' (selected in the scoping subquery's select-list) — did you mean 'BranchID'?.,SELECT SUM(fcd.Paid_Amt) AS TuitionFeeCollection FROM FeesCollection_Details fcd INNER JOIN Fees_Master fm ON fcd.Fees_Head_ID = fm.ID WHERE fcd.BranchID IN (SELECT Branch_Id FROM UserAccountRoleDetails WHERE UserID = @UserId) AND fcd.AcademicYearID IN (SELECT Id FROM Branch_Academic_Details WHERE GETDATE() BETWEEN Start_Date AND End_Date AND Branch_Id IN (SELECT Branch_Id FROM UserAccountRoleDetails WHERE UserID = @UserId)) AND fm.Name LIKE '%Tuition%' AND fcd.FeesType_Name NOT LIKE '%Transport%',total tuition fee collection excluding transport
289,16.6,stop,FAIL,,FeesCollection.Gross_Amt; FeesCollection.Total_Amount; UserAccountRoleDetails.Branch_Id,[unknown_column] Column 'Total_Amount' does not exist on table 'FeesCollection' (referenced as 'fc.Total_Amount'). | [unknown_column] Column 'Gross_Amt' does not exist on table 'FeesCollection' (referenced as 'fc.Gross_Amt'). | [unknown_column] Column 'Branch_Id' does not exist on table 'UserAccountRoleDetails' (selected in the scoping subquery's select-list) — did you mean 'BranchID'?. | [unknown_column] Column 'Branch_Id' does not exist on table 'UserAccountRoleDetails' (selected in the scoping subquery's select-list) — did you mean 'BranchID'?.,"SELECT SUM(fc.Total_Amount - fc.Gross_Amt) AS TotalDiscount FROM FeesCollection fc WHERE fc.BranchID IN (SELECT Branch_Id FROM UserAccountRoleDetails WHERE UserID = @UserId) AND fc.AcademicYearID IN (SELECT Id FROM Branch_Academic_Details WHERE GETDATE() BETWEEN Start_Date AND End_Date AND Branch_Id IN (SELECT Branch_Id FROM UserAccountRoleDetails WHERE UserID = @UserId)) AND (fc.IsDeleted = 0 OR fc.IsDeleted IS NULL) AND fc.ChequeStatus_ID NOT IN (3, 4)","how much discount we have given in total, is it too much?"
286,16.9,stop,FAIL,,UserAccountRoleDetails.Branch_Id,[unknown_column] Column 'Branch_Id' does not exist on table 'UserAccountRoleDetails' (selected in the scoping subquery's select-list) — did you mean 'BranchID'?.,"SELECT SUM(fcd.Paid_Amt) AS AdmissionFeeCollected FROM FeesCollection_Details fcd JOIN Fees_Master fm ON fcd.Fees_Head_ID = fm.ID JOIN FeesCollection fc ON fcd.Fees_Collection_ID = fc.Id WHERE fm.Name LIKE '%Admission%' AND (fc.IsDeleted = 0 OR fc.IsDeleted IS NULL) AND fc.ChequeStatus_ID IN (1, 2) AND fc.BranchID IN (SELECT Branch_Id FROM UserAccountRoleDetails WHERE UserID = @UserId) AND YEAR(fc.Bill_Date) = YEAR(GETDATE())",how much admission fee collected for new admissions this year
278,24.7,stop,FAIL,,UserAccountRoleDetails.Branch_Id,[unknown_column] Column 'Branch_Id' does not exist on table 'UserAccountRoleDetails' (selected in the scoping subquery's select-list) — did you mean 'BranchID'?. | [unknown_column] Column 'Branch_Id' does not exist on table 'UserAccountRoleDetails' (selected in the scoping subquery's select-list) — did you mean 'BranchID'?.,"SELECT fc.Bill_No, fc.Bill_Date, sm.FirstName + ' ' + sm.LastName AS StudentName, SUM(fc.Receipt_Amt) AS TotalPaid FROM FeesCollection fc JOIN Student_Master sm ON fc.Student_ID = sm.ID WHERE fc.BranchID IN (SELECT Branch_Id FROM UserAccountRoleDetails WHERE UserID = @UserId) AND fc.AcademicYearID IN (SELECT Id FROM Branch_Academic_Details WHERE GETDATE() BETWEEN Start_Date AND End_Date AND Branch_Id IN (SELECT Branch_Id FROM UserAccountRoleDetails WHERE UserID = @UserId)) AND fc.IsDeleted = 0 AND fc.ChequeStatus_ID NOT IN (3, 4) GROUP BY fc.Bill_No, fc.Bill_Date, sm.FirstName + ' ' + sm.LastName HAVING SUM(fc.Receipt_Amt) > 1500 ORDER BY TotalPaid DESC","is there any student paid extra by mistake, refund pending?"
277,9.8,stop,FAIL,,StudentAcademicDetail.Scholarship_Amount,[unknown_column] Column 'Scholarship_Amount' does not exist on table 'StudentAcademicDetail' (referenced as 'sad.Scholarship_Amount'). | [unknown_column] Column 'Scholarship_Amount' does not exist on table 'StudentAcademicDetail' (referenced as 'sad.Scholarship_Amount').,SELECT SUM(sad.Scholarship_Amount) AS TotalScholarship FROM StudentAcademicDetail sad WHERE sad.AcademicYearID IN (SELECT Id FROM Branch_Academic_Details WHERE GETDATE() BETWEEN Start_Date AND End_Date AND Branch_Id IN (@UserId)) AND sad.Scholarship_Amount > 0,how much scholarship amount we given this year
