audit_id,gen1_s,verdict1,n_hints,gen2_s,verdict2,final,unknown_tables_1,unknown_columns_1,unknown_tables_2,unknown_columns_2,sql2,question
611,11.1,FAIL,0,,,REFUSED_DOMAIN,Maintenance_Master,,,,SELECT COUNT(*) AS NonFunctional FROM Maintenance_Master mm WHERE (mm.IsDeleted = 0 OR mm.IsDeleted IS NULL) AND mm.BranchID IN (SELECT Id FROM Branch_Academic_Details WHERE GETDATE() BETWEEN Start_Date AND End_Date AND Branch_Id IN (<scoping>)) AND (mm.Status_ID = 1 OR mm.Status_ID = 2),"How many smart boards, projectors, or tablets are currently under maintenance or non-functional?"
609,37.3,FAIL,0,,,REFUSED_DOMAIN,InventoryEntry; InventoryEntryDetails; Vendor_Master,FeesCollection.Vendor_ID,,,"SELECT TOP 1 v.Name AS VendorName, SUM(ied.Quantity) AS TotalQuantity, SUM(ied.Amount) AS TotalAmount, CASE WHEN SUM(paid.Amt) IS NULL THEN 0 ELSE SUM(paid.Amt) END AS PaidAmount, SUM(ied.Amount) - COALESCE(SUM(paid.Amt), 0) AS Outstanding FROM InventoryEntryDetails ied INNER JOIN InventoryEntry ie ON ied.HeaderID = ie.ID INNER JOIN Vendor_Master v ON ie.Vendor_ID = v.Id LEFT JOIN (SELECT fc2.Vendor_ID, ISNULL(SUM(fc2.Receipt_Amt), 0) AS Amt FROM FeesCollection fc2 WHERE fc2.ChequeStatus_ID IN (1, 2) AND (fc2.IsDeleted = 0 OR fc2.IsDeleted IS NULL) AND YEAR(fc2.Bill_Date) = YEAR(GETDATE()) GROUP BY fc2.Vendor_ID) paid ON ied.Vendor_ID = paid.Vendor_ID WHERE ie.BranchID IN (SELECT Branch_Id FROM Branch_Academic_Details WHERE GETDATE() BETWEEN Start_Date AND End_Date) AND YEAR(ie.EntryDate) ","Which vendor has supplied the most inventory this year, and what is their pending payment status?"
607,12.9,FAIL,0,,,REFUSED_DOMAIN,LibraryIssueMaster; LibraryMemberShip,,,,"SELECT COUNT(*) AS LostOrOverdue FROM LibraryIssueMaster lim INNER JOIN LibraryMemberShip lmm ON lim.Member_ID = lmm.MemberID WHERE (lim.IsDeleted = 0 OR lim.IsDeleted IS NULL) AND lmm.IsActive = 1 AND (lim.IssueStatus_ID = 4 OR (lim.ReturnDate IS NULL AND DATEDIFF(DAY, lim.IssueDate, GETDATE()) > lim.NoOfDays))",How many library books are currently marked as lost or overdue by students?
604,10.6,FAIL,0,,,REFUSED_DOMAIN,FixedAssetDetails; FixedAssetMaster,UserAccountRoleDetails.Branch_Id,,,SELECT SUM(fad.PurchaseAmount) AS TotalFixedAssetValue FROM FixedAssetDetails fad INNER JOIN FixedAssetMaster fam ON fad.FixedAssetID = fam.Id WHERE fam.BranchID IN (SELECT Branch_Id FROM UserAccountRoleDetails WHERE UserID = @UserId) AND fam.IsDeleted = 0 AND fad.IsDeleted = 0,"What is the total current value of fixed assets (computers, lab equipment, furniture) registered in the ERP?"
603,15.0,FAIL,1,14.3,FAIL,FAIL_BOTH,,UserAccountRoleDetails.Branch_Id,InventoryType_Master,InventoryItem_Master.InventoryTypeID,"SELECT COUNT(*) AS TotalItems FROM InventoryItem_Master iim INNER JOIN InventoryType_Master itm ON iim.InventoryTypeID = itm.ID WHERE itm.Name IN ('Textbook', 'Stationery') AND (iim.IsDeleted IS NULL OR iim.IsDeleted = 0) AND iim.BranchID IN (SELECT BranchID FROM UserAccountRoleDetails WHERE UserID = @UserId)",How many textbooks and notebooks are available in the school store for the next term?
602,12.5,FAIL,2,14.6,FAIL,FAIL_BOTH,,InventoryItem_Master.ItemCategory_Name; InventoryItem_Master.SizeName,,InventoryItem_Master.ItemCategory_Name,"SELECT SUM(iim.StockInHand) AS TotalStock, COUNT(*) AS ItemCount FROM InventoryItem_Master iim WHERE iim.ItemCategory_Name LIKE '%Uniform%' AND iim.BranchID IN (SELECT BranchID FROM UserAccountRoleDetails WHERE UserID = @UserId) AND (iim.IsDeleted IS NULL OR iim.IsDeleted = 0)","What is the current stock level of school uniforms, and which sizes are running low?"
600,14.3,FAIL,0,,,REFUSED_DOMAIN,MaintenanceRepairCost,,,,"SELECT SUM(mrc.Amount) AS TotalMaintenanceRepair FROM MaintenanceRepairCost mrc WHERE mrc.BranchID IN (SELECT Branch_Id FROM Branch_Academic_Details WHERE GETDATE() BETWEEN Start_Date AND End_Date AND Branch_Id IN (@UserId)) AND mrc.AcademicYearID = (SELECT Id FROM Branch_Academic_Details WHERE GETDATE() BETWEEN Start_Date AND End_Date AND Branch_Id IN (@UserId)) AND mrc.MonthName IN ('April', 'May', 'June')",What is the total maintenance and repair cost incurred for the fleet in the last quarter?
597,9.6,FAIL,0,,,REFUSED_DOMAIN,VehicleTrackingAlerts,,,,"SELECT COUNT(*) AS Alerts FROM VehicleTrackingAlerts vta WHERE vta.Created_Date >= DATEADD(DAY, -DATEPART(WEEKDAY, GETDATE()) + 1, CAST(GETDATE() AS DATE)) AND (vta.IsDeleted = 0 OR vta.IsDeleted IS NULL)","How many GPS tracking alerts (e.g., overspeeding, route deviation, unauthorized stops) were triggered this week?"
595,13.2,FAIL,1,16.6,FAIL,FAIL_BOTH,Fuel_Consumption_Details,UserAccountRoleDetails.Branch_Id,Fuel_Consumption_Details,,"SELECT AVG(fc.Fuel_Quantity) AS AvgMonthlyFuelConsumption, AVG(fc.Amount) AS AvgMonthlyCost FROM Fuel_Consumption_Details fc WHERE MONTH(fc.Bill_Date) = MONTH(GETDATE()) AND YEAR(fc.Bill_Date) = YEAR(GETDATE()) AND (fc.IsDeleted = 0 OR fc.IsDeleted IS NULL) AND fc.BranchID IN (SELECT BranchID FROM UserAccountRoleDetails WHERE UserID = @UserId)",What is the average monthly fuel consumption and cost per vehicle?
594,12.3,FAIL,0,14.8,FAIL,FAIL_BOTH,ParentComplaint_Master,,ParentComplaint_Master,,"SELECT TOP 10 rm.Name AS RouteName, COUNT(*) AS ComplaintCount FROM ParentComplaint_Master pcm INNER JOIN Route_Master rm ON pcm.Route_ID = rm.ID WHERE pcm.BranchID IN (SELECT BranchID FROM UserAccountRoleDetails WHERE UserID = @UserId) AND pcm.ComplaintDate >= DATEADD(MONTH, DATEDIFF(MONTH, 0, GETDATE()), 0) GROUP BY rm.Name ORDER BY COUNT(*) DESC",Which bus routes have the highest number of parent complaints or delays this month?
591,10.3,FAIL,0,,,REFUSED_DOMAIN,StaffVerificationMaster,UserAccountRoleDetails.Branch_Id,,,SELECT COUNT(*) AS PendingVerifications FROM Staff_Master sm INNER JOIN StaffVerificationMaster svm ON sm.Staff_ID = svm.StaffID WHERE sm.BranchID IN (SELECT Branch_Id FROM UserAccountRoleDetails WHERE UserID = @UserId) AND (svm.IsDeleted IS NULL OR svm.IsDeleted = 0) AND svm.VerificationStatus_ID = 1,How many new staff background verification checks are pending completion?
590,21.5,FAIL,0,25.2,FAIL,FAIL_BOTH,PerformanceAppraisalPeriod; PerformanceAppraisal_Details; PerformanceAppraisal_Master; PerformanceScaleDetails; PerformanceScaleMaster,,PerformanceAppraisal_Details,StaffDesignationMaster.DesignationName; Staff_Master.DesignationID,"SELECT sm.Staff_FirstName + ' ' + sm.Staff_LastName AS StaffName, sad.DesignationName, paf.AppraisalYear, paf.Score FROM PerformanceAppraisal_Details paf INNER JOIN Staff_Master sm ON paf.StaffID = sm.Staff_ID INNER JOIN StaffDesignationMaster sad ON sm.DesignationID = sad.ID WHERE paf.BranchID IN (SELECT BranchID FROM UserAccountRoleDetails WHERE UserID = @UserId) AND paf.AppraisalYear = (SELECT MAX(AppraisalYear) FROM PerformanceAppraisal_Details WHERE BranchID IN (SELECT BranchID FROM UserAccountRoleDetails WHERE UserID = @UserId)) AND paf.Score < 2 AND paf.PAStatus = 'Completed' ORDER BY paf.Score ASC",Can you list staff members whose recent performance appraisal scores are below the expected threshold?
589,9.5,FAIL,4,23.8,FAIL,FAIL_BOTH,,LeaveEntryMaster.NetPay; LeaveEntryMaster.PaidAmount; UserAccountRoleDetails.Branch_Id,,GenerateSalaryEmployee_Master.PaidAmount,"SELECT SUM(gsem.NetPay - gsem.PaidAmount) AS TotalPending FROM GenerateSalaryEmployee_Master gsem INNER JOIN GenerateSalary_Master gsm ON gsem.HeaderID = gsm.ID WHERE gsm.MonthID = MONTH(DATEADD(MONTH, -1, GETDATE())) AND gsm.AcademicYearID IN (SELECT Id FROM Branch_Academic_Details WHERE GETDATE() BETWEEN Start_Date AND End_Date AND Branch_Id IN (SELECT BranchID FROM UserAccountRoleDetails WHERE UserID = @UserId)) AND gsem.IsDeleted = 0",What is the total amount of staff advance or salary loan pending recovery?
587,21.2,FAIL,2,25.4,PASS,PASS_RETRY,Biometric_Attendance,UserAccountRoleDetails.Branch_Id,,,"SELECT lem.Staff_ID, sm.Staff_FirstName + ' ' + sm.Staff_LastName AS StaffName, COUNT(*) AS Discrepancies FROM LeaveEntryMaster lem INNER JOIN Staff_Master sm ON lem.Staff_ID = sm.Staff_ID WHERE (lem.IsDeleted = 0 OR lem.IsDeleted IS NULL) AND lem.LeaveStatus_ID = 1 AND lem.BranchID IN (SELECT BranchID FROM UserAccountRoleDetails WHERE UserID = @UserId) AND MONTH(lem.LeaveFromDate) = MONTH(GETDATE()) AND YEAR(lem.LeaveFromDate) = YEAR(GETDATE()) GROUP BY lem.Staff_ID, sm.Staff_FirstName + ' ' + sm.Staff_LastName HAVING COUNT(*) > 0",Are there any discrepancies between biometric attendance and approved leave applications this month?
584,14.3,FAIL,1,21.7,FAIL,FAIL_BOTH,,SubjectAllocation_Master.ClassLevel; UserAccountRoleDetails.Branch_Id,,Staff_Master.StaffDOJ; SubjectAllocation_Master.ClassLevel,"SELECT CAST(AVG(CAST(YearsOfExperience AS FLOAT)) AS DECIMAL(5,2)) AS AvgExperience FROM ( SELECT DATEDIFF(YEAR, sm.StaffDOJ, GETDATE()) AS YearsOfExperience FROM SubjectAllocation_Master sam JOIN Staff_Master sm ON sam.Staff_ID = sm.Staff_ID WHERE sam.ClassLevel IN ('Senior', 'Higher') AND (sam.IsDeleted = 0 OR sam.IsDeleted IS NULL) AND sm.StaffStatus_ID = 1 AND sam.BranchID IN (SELECT BranchID FROM UserAccountRoleDetails WHERE UserID = @UserId) ) AS Experience",What is the average years of experience of the teaching faculty in the senior secondary wing?
583,14.6,FAIL,3,21.6,FAIL,FAIL_BOTH,,Staff_Master.IsPOCSOCompleted; Staff_Master.IsPOSHCompleted; UserAccountRoleDetails.Branch_Id,,Staff_Master.IsPOCSOCompleted; Staff_Master.IsPOSHCompleted,"SELECT sm.Staff_ID, sm.Staff_FirstName + ' ' + sm.Staff_LastName AS StaffName FROM Staff_Master sm WHERE (sm.IsPOSHCompleted IS NULL OR sm.IsPOSHCompleted = 0) AND (sm.IsPOCSOCompleted IS NULL OR sm.IsPOCSOCompleted = 0) AND sm.BranchID IN (SELECT BranchID FROM UserAccountRoleDetails WHERE UserID = @UserId) AND sm.StaffStatus_ID = 1",Which staff members have not completed their mandatory POSH or child safety (POCSO) training?
579,20.1,FAIL,2,25.2,PASS,PASS_RETRY,,UserAccountRoleDetails.Branch_Id,,,"SELECT CAST(COUNT(DISTINCT CASE WHEN lem.LeaveStatus_ID = 1 THEN lem.Staff_ID END) * 100.0 / NULLIF(COUNT(DISTINCT lem.Staff_ID), 0) AS DECIMAL(5,2)) AS AttritionRate FROM LeaveEntryMaster lem WHERE lem.BranchID IN (SELECT BranchID FROM UserAccountRoleDetails WHERE UserID = @UserId AND IsDeleted = 0) AND lem.AcademicYearID IN (SELECT Id FROM Branch_Academic_Details WHERE GETDATE() BETWEEN Start_Date AND End_Date AND Branch_Id IN (SELECT BranchID FROM UserAccountRoleDetails WHERE UserID = @UserId AND IsDeleted = 0))",What is the staff attrition or turnover rate for the current academic year?
578,20.8,FAIL,4,26.9,PASS,PASS_RETRY,,LeaveEntryMaster.Branch_Id; LeaveEntryMaster.From_Date; LeaveEntryMaster.To_Date; UserAccountRoleDetails.Branch_Id,,,"SELECT CASE WHEN sm.StaffType_ID = 1 THEN 'Teaching' ELSE 'Non-Teaching' END AS StaffCategory, COUNT(*) AS OnLeave FROM LeaveEntryMaster lem JOIN Staff_Master sm ON lem.Staff_ID = sm.Staff_ID WHERE (lem.IsDeleted = 0 OR lem.IsDeleted IS NULL) AND lem.LeaveStatus_ID = 1 AND CAST(GETDATE() AS DATE) BETWEEN lem.LeaveFromDate AND lem.LeaveToDate AND lem.BranchID IN (SELECT BranchID FROM UserAccountRoleDetails WHERE UserID = @UserId) GROUP BY CASE WHEN sm.StaffType_ID = 1 THEN 'Teaching' ELSE 'Non-Teaching' END",How many teaching and non-teaching staff members are on leave today?
577,22.7,PASS,0,,,PASS_FIRST,,,,,,What is the current teacher-to-student ratio across the school?
576,19.0,FAIL,1,26.5,FAIL,FAIL_BOTH,,ExamConfigurationEvaluationDetails.EvalHierID; ExamConfigurationEvaluationDetails.IsRetracted; ExamConfigurationEvaluationDetails.StudentID; ProgressCardDataRetrieval.AcademicYearName; ProgressCardDataRetrieval.ProgressCardEvaluationHierarchyID; UserAccountRoleDetails.Branch_Id,ExamEvaluationDetails,ProgressCardDataRetrieval.AcademicYearName,"SELECT CAST(COUNT(DISTINCT CASE WHEN ed.IsRetracted = 1 THEN ed.StudentID END) * 100.0 / NULLIF(COUNT(DISTINCT ed.StudentID), 0) AS DECIMAL(5,2)) AS ReevaluationRate FROM ExamEvaluationDetails ed INNER JOIN ProgressCardDataRetrieval pcr ON ed.ProgressCardID = pcr.ID WHERE pcr.AcademicYearName IN ('SA-III', 'SA-IV') AND pcr.BranchID IN (SELECT BranchID FROM UserAccountRoleDetails WHERE UserID = @UserId)",What is the rate of re-evaluation or re-checking requests for the recent board exams?
575,20.8,PASS,0,,,PASS_FIRST,,,,,,"How many students have opted for each subject combination in Class 11 (Science, Commerce, Arts/Humanities)?"
573,24.1,FAIL,5,32.9,FAIL,FAIL_BOTH,,Student_Master.ShiftName; UserAccountRoleDetails.Branch_Id,,StudentMarkDetails.Student_ID; Student_Master.ShiftName,"SELECT CASE WHEN sm.ShiftName = 'Morning' THEN 'Morning' ELSE 'Evening' END AS Shift, CAST(AVG(smd.Marks) AS DECIMAL(5,2)) AS AvgMarks, COUNT(DISTINCT sm.ID) AS StudentCount FROM StudentMarkDetails smd INNER JOIN StudentMarkMaster smm ON smd.HeaderID = smm.ID INNER JOIN Student_Master sm ON smd.Student_ID = sm.ID WHERE smd.BranchID IN (SELECT BranchID FROM UserAccountRoleDetails WHERE UserID = @UserId) AND smd.Deleted = 0 AND (smd.Others IS NULL OR smd.Others NOT IN ('NA', 'NT', 'OP')) AND smm.Deleted = 0 GROUP BY CASE WHEN sm.ShiftName = 'Morning' THEN 'Morning' ELSE 'Evening' END",What is the academic performance comparison between the morning and evening shifts (if applicable)?
572,18.9,FAIL,2,21.0,PASS,PASS_RETRY,,Subject_Master.DepartmentName; UserAccountRoleDetails.Branch_Id,,,SELECT COUNT(DISTINCT pc.StudentID) AS StudentsPending FROM ProgressCardDataRetrieval pc WHERE pc.SubjectTypeID = 2 AND (pc.Marks IS NULL OR pc.Marks = '') AND pc.BranchID IN (SELECT BranchID FROM UserAccountRoleDetails WHERE UserID = @UserId) AND pc.AcademicYearID IN (SELECT Id FROM Branch_Academic_Details WHERE GETDATE() BETWEEN Start_Date AND End_Date AND Branch_Id IN (SELECT BranchID FROM UserAccountRoleDetails WHERE UserID = @UserId)),How many practical exam marks are pending submission for the science departments?
571,10.5,FAIL,1,13.0,FAIL,FAIL_BOTH,EvaluationMasterDetails,UserAccountRoleDetails.Branch_Id,,EvaluationMaster.GradeEntryDate; EvaluationMaster.TestDate,"SELECT AVG(DATEDIFF(DAY, em.TestDate, em.GradeEntryDate)) AS AvgDaysToGrade FROM EvaluationMaster em WHERE em.BranchID IN (SELECT BranchID FROM UserAccountRoleDetails WHERE UserID = @UserId) AND em.IsDeleted = 0 AND em.GradeEntryDate IS NOT NULL",What is the average time taken by teachers to grade and publish exam results after the test?
569,11.2,FAIL,2,15.3,FAIL,FAIL_BOTH,,UserAccountRoleDetails.Branch_Id,,ProgressCardDataRetrieval.Subject_ID,"SELECT cm.Name AS ClassName, COUNT(DISTINCT pc.Subject_ID) AS SubjectCount FROM ProgressCardDataRetrieval pc JOIN ClassMaster cm ON pc.ClassID = cm.ID WHERE (pc.IsDeleted = 0 OR pc.IsDeleted IS NULL) AND pc.BranchID IN (SELECT BranchID FROM UserAccountRoleDetails WHERE UserID = @UserId) GROUP BY cm.Name ORDER BY cm.Name",What is the syllabus completion rate for each class as per teacher logs in the ERP?
568,14.5,PASS,0,,,PASS_FIRST,,,,,,How many students are currently enrolled in remedial or extra coaching classes?
566,18.6,FAIL,2,20.2,PASS,PASS_RETRY,,StudentMarkDetails.GradePoint; StudentMarkDetails.IsDeleted; UserAccountRoleDetails.Branch_Id,,,"SELECT bad.Name AS AcademicYear, CAST(AVG(pc.GradePoint) AS DECIMAL(3,2)) AS AvgGPA FROM ProgressCardDataRetrieval pc JOIN Branch_Academic_Details bad ON pc.AcademicYearID = bad.Id WHERE (pc.IsDeleted IS NULL OR pc.IsDeleted = 0) AND pc.BranchID IN (SELECT BranchID FROM UserAccountRoleDetails WHERE UserID = @UserId) GROUP BY bad.Name ORDER BY bad.Name",What is the average GPA/CGPA trend across the school over the last 3 years?
559,20.6,PASS,0,,,PASS_FIRST,,,,,,How many students are marked present in class but have not swiped their RFID/ID cards at the gate?
555,16.4,PASS,0,,,PASS_FIRST,,,,,,What is the daily average attendance trend compared to the same month last year?
553,15.0,FAIL,3,22.9,FAIL,FAIL_BOTH,LeaveTypeMaster,LeaveEntryMaster.Branch_Id; LeaveEntryMaster.Student_ID; UserAccountRoleDetails.Branch_Id,,LeaveEntryMaster.Student_ID,SELECT COUNT(*) AS MedicalLeaveCount FROM LeaveEntryMaster lem INNER JOIN Student_Master sm ON lem.Student_ID = sm.ID INNER JOIN LeaveType lt ON lem.LeaveType_ID = lt.ID WHERE lt.Name LIKE '%Medical%' AND (lem.IsDeleted = 0 OR lem.IsDeleted IS NULL) AND lem.LeaveStatus_ID = 1 AND MONTH(lem.LeaveFromDate) = MONTH(GETDATE()) AND YEAR(lem.LeaveFromDate) = YEAR(GETDATE()) AND sm.BranchID IN (SELECT BranchID FROM UserAccountRoleDetails WHERE UserID = @UserId),How many medical leave requests were submitted by students this month?
549,13.9,FAIL,1,39.5,FAIL,FAIL_BOTH,,UserAccountRoleDetails.Branch_Id,,StudentAttendance.SectionID,"SELECT DISTINCT sm.ID, ISNULL(sm.FirstName, '') + ' ' + ISNULL(sm.MiddleName, '') + ' ' + ISNULL(sm.LastName, '') AS StudentName, cm.Name AS ClassName, secm.Name AS SectionName, sa.Attendance_Date AS FirstAbsentDate FROM StudentAttendance sa JOIN Student_Master sm ON sa.Student_ID = sm.ID JOIN ClassMaster cm ON sa.Class_ID = cm.ID JOIN SectionMaster secm ON sa.SectionID = secm.ID WHERE sa.Attendance_Status_ID = 2 AND sa.BranchID IN (SELECT BranchID FROM UserAccountRoleDetails WHERE UserID = @UserId) AND sa.AcademicYearID IN (SELECT Id FROM Branch_Academic_Details WHERE GETDATE() BETWEEN Start_Date AND End_Date AND Branch_Id IN (SELECT BranchID FROM UserAccountRoleDetails WHERE UserID = @UserId)) AND NOT EXISTS (SELECT 1 FROM StudentAttendance sa2 WHERE sa2.Student_ID = sa.Student_ID AND sa",Can you list students who have been absent for more than 3 consecutive days?
546,21.2,FAIL,2,25.7,PASS,PASS_RETRY,,Student_Master.AdharNo; Student_Master.UDISEPlus,,,"SELECT sad.StudentID, sm.FirstName + ' ' + sm.LastName AS StudentName, cm.Name AS ClassName, secm.Name AS SectionName FROM StudentAcademicDetail sad JOIN Student_Master sm ON sad.StudentID = sm.ID JOIN ClassMaster cm ON sad.ClassID = cm.ID JOIN SectionMaster secm ON sad.SectionID = secm.ID WHERE (sad.IsTCIssued = 0 OR sad.IsTCIssued IS NULL) AND sad.AcademicYearID IN (SELECT Id FROM Branch_Academic_Details WHERE GETDATE() BETWEEN Start_Date AND End_Date AND Branch_Id IN (@UserId)) AND (sm.AdhaarCardNo IS NULL OR sm.AdhaarCardNo = '')",Can you provide a list of students whose Aadhaar or UDISE+ details are missing or incomplete?
544,12.9,FAIL,3,20.4,FAIL,FAIL_BOTH,,StudentAcademicDetail.TCNo; TCRequest.Reason; TCRequest.TC_No,,StudentAcademicDetail.TCNo; TCRequest.TC_No,"SELECT COUNT(DISTINCT sad.StudentID) AS TransferredOut, tcr.ReasonforLeaving FROM StudentAcademicDetail sad JOIN Branch_Academic_Details bad ON sad.AcademicYearID = bad.Id LEFT JOIN TCRequest tcr ON sad.TCNo = tcr.TC_No WHERE GETDATE() BETWEEN bad.Start_Date AND bad.End_Date AND bad.Branch_Id IN (SELECT BranchID FROM UserAccountRoleDetails WHERE UserID = @UserId) AND sad.IsTCIssued = 1","How many students transferred out mid-session, and what were the primary reasons recorded?"
543,14.8,FAIL,0,16.9,FAIL,FAIL_BOTH,,Student_Master.CommunicationPinCode,,Student_Master.CommunicationPinCode,"SELECT sm.CommunicationPinCode, COUNT(DISTINCT sad.StudentID) AS StudentCount FROM StudentAcademicDetail sad JOIN Student_Master sm ON sad.StudentID = sm.ID WHERE (sad.IsTCIssued = 0 OR sad.IsTCIssued IS NULL) AND sad.AcademicYearID IN (SELECT Id FROM Branch_Academic_Details WHERE GETDATE() BETWEEN Start_Date AND End_Date AND Branch_Id IN (@UserId)) GROUP BY sm.CommunicationPinCode ORDER BY StudentCount DESC",What is the geographical distribution (pincode-wise) of our current student base?
541,16.0,FAIL,2,19.4,FAIL,FAIL_BOTH,,ClassMaster.MaxStrength,,ClassMaster.MaxStrength,"SELECT cm.Name AS ClassName, COUNT(DISTINCT sad.StudentID) AS StudentCount FROM StudentAcademicDetail sad JOIN Student_Master sm ON sad.StudentID = sm.ID JOIN ClassMaster cm ON sad.ClassID = cm.ID WHERE (sad.IsTCIssued = 0 OR sad.IsTCIssued IS NULL) AND sad.AcademicYearID IN (SELECT Id FROM Branch_Academic_Details WHERE GETDATE() BETWEEN Start_Date AND End_Date AND Branch_Id IN (@UserId)) GROUP BY cm.Name HAVING COUNT(DISTINCT sad.StudentID) > cm.MaxStrength",Are there any classes where the student strength exceeds the CBSE/State Board prescribed limit?
539,12.8,FAIL,1,15.7,FAIL,FAIL_BOTH,,ApplicationEntry.AdmissionTypeName; UserAccountRoleDetails.Branch_Id,,ApplicationEntry.AdmissionTypeName,SELECT COUNT(*) AS WaitingListCount FROM ApplicationEntry ae INNER JOIN ApplicationStatus_Master asm ON ae.ApplicationStatus_ID = asm.ID WHERE ae.AdmissionTypeName LIKE '%Nursery%' OR ae.AdmissionTypeName LIKE '%KG%' AND asm.Name = 'Waiting List' AND ae.BranchID IN (SELECT BranchID FROM UserAccountRoleDetails WHERE UserID = @UserId),How many students are currently on the waiting list for Nursery and KG admissions?
538,18.8,FAIL,2,16.0,FAIL,FAIL_BOTH,ApplicationMode_Master,ApplicationEntry.Mode_ID; UserAccountRoleDetails.Branch_Id,,ApplicationEntry.Application_Mode; ApplicationEntry.Student_ID,"SELECT ae.Application_Mode AS Source, COUNT(DISTINCT ae.Student_ID) AS Admissions FROM ApplicationEntry ae WHERE (ae.IsDeleted = 0 OR ae.IsDeleted IS NULL) AND ae.BranchID IN (SELECT BranchID FROM UserAccountRoleDetails WHERE UserID = @UserId) GROUP BY ae.Application_Mode ORDER BY Admissions DESC","From which sources (website, referrals, walk-ins, social media ads) are we getting the most admissions?"
536,11.1,FAIL,2,15.8,FAIL,FAIL_BOTH,,StudentAcademicDetail.IsRTE; UserAccountRoleDetails.Branch_Id,,StudentAcademicDetail.IsRTE,SELECT COUNT(DISTINCT sad.StudentID) AS rte_admissions FROM StudentAcademicDetail sad JOIN Branch_Academic_Details b ON sad.AcademicYearID = b.Id WHERE sad.IsRTE = 1 AND GETDATE() BETWEEN b.Start_Date AND b.End_Date AND b.Branch_Id IN (SELECT BranchID FROM UserAccountRoleDetails WHERE UserId = @UserId),How many students were admitted under the RTE quota this academic year?
534,16.6,FAIL,2,25.4,FAIL,FAIL_BOTH,,ClassMaster.TotalSeats,,ClassSectionMaster.Branch_Id; StudentAcademicDetail.ClassSectionID,"SELECT TOP 1 cm.Name AS ClassName, secm.Name AS SectionName, csm.TotalSeats - COUNT(sad.Id) AS Vacant FROM ClassSectionMaster csm INNER JOIN ClassMaster cm ON csm.Class_Id = cm.ID INNER JOIN SectionMaster secm ON csm.Section_Id = secm.ID LEFT JOIN StudentAcademicDetail sad ON csm.Id = sad.ClassSectionID AND (sad.IsTCIssued = 0 OR sad.IsTCIssued IS NULL) WHERE csm.AcademicYearID IN (SELECT Id FROM Branch_Academic_Details WHERE GETDATE() BETWEEN Start_Date AND End_Date AND Branch_Id IN (@UserId)) AND csm.Branch_Id IN (@UserId) GROUP BY cm.Name, secm.Name, csm.TotalSeats ORDER BY Vacant DESC",Which class has the highest number of vacant seats for the upcoming academic session?
525,21.4,FAIL,4,20.7,PASS,PASS_RETRY,,UserAccountRoleDetails.Branch_Id,,,"SELECT AVG(DATEDIFF(DAY, fc.Bill_Date, GETDATE())) AS AvgDaysToPay FROM FeesCollection_Details fcd JOIN FeesCollection fc ON fcd.Fees_Collection_ID = fc.Id WHERE fcd.BranchID IN (SELECT BranchID FROM UserAccountRoleDetails WHERE UserID = @UserId) AND fcd.Remaining_Amt = 0 AND fc.ChequeStatus_ID NOT IN (3, 4) AND (fc.IsDeleted IS NULL OR fc.IsDeleted = 0)",What is the average time taken by parents to clear dues after the due date?
524,7.3,FAIL,2,11.7,FAIL,FAIL_BOTH,ConcessionAppEntry,UserAccountRoleDetails.Branch_Id,,Concession_Master.ApprovalStatus,SELECT COUNT(*) AS PendingConcessionRequests FROM Concession_Master cm WHERE cm.BranchID IN (SELECT BranchID FROM UserAccountRoleDetails WHERE UserID = @UserId) AND cm.IsDeleted = 0 AND cm.ApprovalStatus = 0,How many fee concession or scholarship requests are currently pending management approval?
520,18.1,FAIL,1,18.4,FAIL,FAIL_BOTH,RTE_Details; RTE_Master,UserAccountRoleDetails.Branch_Id,RTE_Details; RTE_Master,,SELECT SUM(rtd.Amount) AS PendingRTE FROM RTE_Details rtd INNER JOIN RTE_Master rm ON rtd.HeaderID = rm.ID WHERE rm.BranchID IN (SELECT BranchID FROM UserAccountRoleDetails WHERE UserID = @UserId AND IsDeleted = 0) AND rm.IsDeleted = 0 AND rm.ApprovalStatus_ID = 1 AND (rm.PaidDate IS NULL OR rm.PaidDate > GETDATE()),How much RTE (Right to Education) reimbursement is currently pending from the government?
514,14.5,FAIL,2,21.7,PASS,PASS_RETRY,,StudentAcademicDetail.IsBoardApplicable; UserAccountRoleDetails.Branch_Id,,,SELECT COUNT(DISTINCT sad.StudentID) AS BoardEligibleStudents FROM StudentAcademicDetail sad JOIN Student_Master sm ON sad.StudentID = sm.ID WHERE (sad.IsTCIssued = 0 OR sad.IsTCIssued IS NULL) AND sad.AcademicYearID IN (SELECT Id FROM Branch_Academic_Details WHERE GETDATE() BETWEEN Start_Date AND End_Date AND Branch_Id IN (SELECT BranchID FROM UserAccountRoleDetails WHERE UserID = @UserId)) AND sm.BranchID IN (SELECT BranchID FROM UserAccountRoleDetails WHERE UserID = @UserId),how many students eligible for board exam registration
510,15.8,FAIL,0,16.2,FAIL,FAIL_BOTH,,Student_Master.CityName,,Student_Master.CityName,"SELECT COUNT(DISTINCT sad.StudentID) AS OutstationStudents FROM StudentAcademicDetail sad JOIN Student_Master sm ON sad.StudentID = sm.ID WHERE (sad.IsTCIssued = 0 OR sad.IsTCIssued IS NULL) AND sad.AcademicYearID IN (SELECT Id FROM Branch_Academic_Details WHERE GETDATE() BETWEEN Start_Date AND End_Date AND Branch_Id IN (@UserId)) AND sm.CityName NOT IN ('Mumbai', 'Thane')",how many students from outside city or hostel
508,24.5,PASS,0,,,PASS_FIRST,,,,,,give me list of students with single parent
505,19.1,FAIL,1,22.9,FAIL,FAIL_BOTH,,ClassMaster.TotalNoStudent,,ClassMaster.TotalNoStudent,"SELECT cm.Name AS ClassName, COUNT(DISTINCT sad.StudentID) AS Enrolled, cm.TotalNoStudent AS TotalCapacity FROM StudentAcademicDetail sad JOIN ClassMaster cm ON sad.ClassID = cm.ID WHERE (sad.IsTCIssued = 0 OR sad.IsTCIssued IS NULL) AND sad.AcademicYearID IN (SELECT Id FROM Branch_Academic_Details WHERE GETDATE() BETWEEN Start_Date AND End_Date AND Branch_Id IN (@UserId)) GROUP BY cm.Name, cm.TotalNoStudent ORDER BY CASE WHEN cm.TotalNoStudent - COUNT(DISTINCT sad.StudentID) < 0 THEN 1 ELSE 0 END, cm.TotalNoStudent - COUNT(DISTINCT sad.StudentID)",which class is full and which has vacant seats
499,11.2,FAIL,0,,,REFUSED_DOMAIN,Stock_Master,UserAccountRoleDetails.Branch_Id,,,"SELECT TOP 10 sm.StockItemName, sm.ItemCode, sm.LastStockInDate FROM Stock_Master sm WHERE sm.BranchID IN (SELECT Branch_Id FROM UserAccountRoleDetails WHERE UserID = @UserId) AND sm.IsDeleted = 0 AND sm.LastStockInDate < DATEADD(MONTH, -6, GETDATE()) ORDER BY sm.LastStockInDate",stock that is not moving since long time
498,13.0,FAIL,0,,,REFUSED_DOMAIN,PurchaseOrderDetails; PurchaseOrderMaster; Vendor_Master,UserAccountRoleDetails.Branch_Id,,,"SELECT TOP 1 v.Name AS VendorName, COUNT(*) AS PurchaseCount FROM PurchaseOrderDetails pod INNER JOIN PurchaseOrderMaster pom ON pod.HeaderID = pom.ID INNER JOIN Vendor_Master v ON pom.Vendor_ID = v.Id WHERE pom.BranchID IN (SELECT Branch_Id FROM UserAccountRoleDetails WHERE UserID = @UserId) AND (pom.IsDeleted = 0 OR pom.IsDeleted IS NULL) GROUP BY v.Name ORDER BY PurchaseCount DESC",which vendor we buy most from
497,9.9,FAIL,0,,,REFUSED_DOMAIN,PurchaseOrderMaster; PurchaseOrderStatus,UserAccountRoleDetails.Branch_Id,,,SELECT COUNT(*) AS PendingApproval FROM PurchaseOrderMaster pom INNER JOIN PurchaseOrderStatus pos ON pom.OrderStatus_ID = pos.ID WHERE pos.Name = 'Pending Approval' AND pom.BranchID IN (SELECT Branch_Id FROM UserAccountRoleDetails WHERE UserID = @UserId) AND (pom.IsDeleted IS NULL OR pom.IsDeleted = 0),items pending for purchase approval
496,13.9,FAIL,1,20.3,FAIL,FAIL_BOTH,PurchaseEntry,UserAccountRoleDetails.Branch_Id,,LeaveEntryMaster.NetPay,"SELECT SUM(lem.NetPay) AS TotalSalary, COUNT(*) AS EmployeeCount FROM LeaveEntryMaster lem INNER JOIN Staff_Master sm ON lem.Staff_ID = sm.Staff_ID WHERE (lem.IsDeleted = 0 OR lem.IsDeleted IS NULL) AND lem.LeaveStatus_ID = 1 AND MONTH(lem.LeaveFromDate) = MONTH(GETDATE()) AND YEAR(lem.LeaveFromDate) = YEAR(GETDATE()) AND sm.BranchID IN (SELECT BranchID FROM UserAccountRoleDetails WHERE UserID = @UserId)",what all we purchased this month for school
495,10.1,FAIL,0,,,REFUSED_DOMAIN,FurnitureMaster,UserAccountRoleDetails.Branch_Id,,,"SELECT cm.Name AS ClassName, COUNT(*) AS FurnitureCount FROM FurnitureMaster fm INNER JOIN ClassMaster cm ON fm.Class_ID = cm.ID WHERE fm.BranchID IN (SELECT Branch_Id FROM UserAccountRoleDetails WHERE UserID = @UserId) AND (fm.IsDeleted IS NULL OR fm.IsDeleted = 0) GROUP BY cm.Name ORDER BY cm.Name",furniture count classroom wise
493,11.2,FAIL,0,,,REFUSED_DOMAIN,BookIssueMaster; Book_Master; Branch_Master,UserAccountRoleDetails.Branch_Id,,,"SELECT b.Title, b.AuthorName, bm.Bill_Date FROM BookIssueMaster bim INNER JOIN Book_Master b ON bim.Book_ID = b.Id INNER JOIN Branch_Master bm ON bim.BranchID = bm.ID WHERE bim.ReturnDate IS NULL AND bim.BranchID IN (SELECT Branch_Id FROM UserAccountRoleDetails WHERE UserID = @UserId) ORDER BY bm.Bill_Date",books issued but not returned list
492,11.5,FAIL,0,,,REFUSED_DOMAIN,ComputerMaster,UserAccountRoleDetails.Branch_Id,,,"SELECT SUM(CASE WHEN cm.Working = 1 THEN 1 ELSE 0 END) AS Working, SUM(CASE WHEN cm.Working = 0 THEN 1 ELSE 0 END) AS NotWorking FROM ComputerMaster cm WHERE cm.BranchID IN (SELECT Branch_Id FROM UserAccountRoleDetails WHERE UserID = @UserId AND IsDeleted = 0) AND cm.IsDeleted = 0",how many computers working vs not working
491,21.8,FAIL,0,,,REFUSED_DOMAIN,SportsEquipment_Master; SportsEventEntryDetail; SportsEventEntryMaster; SportsEventMaster,UserAccountRoleDetails.Branch_Id,,,"SELECT smm.Name AS EquipmentType, COUNT(*) AS TotalCount FROM SportsEventEntryDetail seet INNER JOIN SportsEventEntryMaster see ON seet.HeaderID = see.ID INNER JOIN SportsEventMaster sem ON see.Event_ID = sem.ID INNER JOIN SportsEquipment_Master smm ON seet.EquipmentID = smm.Id WHERE see.BranchID IN (SELECT Branch_Id FROM UserAccountRoleDetails WHERE UserID = @UserId) AND see.AcademicYearID IN (SELECT Id FROM Branch_Academic_Details WHERE GETDATE() BETWEEN Start_Date AND End_Date AND Branch_Id IN (SELECT Branch_Id FROM UserAccountRoleDetails WHERE UserID = @UserId)) AND sem.Status_ID = 1 AND smm.IsDeleted = 0 GROUP BY smm.Name ORDER BY TotalCount DESC",sports equipment inventory show me
490,11.0,FAIL,1,15.1,FAIL,FAIL_BOTH,,InventoryItem_Master.Condition_Name; InventoryItem_Master.ExpiryDate; UserAccountRoleDetails.Branch_Id,,InventoryItem_Master.Condition_Name; InventoryItem_Master.ExpiryDate; InventoryItem_Master.IsExpired,"SELECT iim.ItemName, iim.ItemCode, iim.ExpiryDate, iim.Condition_Name FROM InventoryItem_Master iim WHERE (iim.IsExpired = 1 OR iim.Condition_Name LIKE '%Damaged%') AND iim.BranchID IN (SELECT BranchID FROM UserAccountRoleDetails WHERE UserID = @UserId)",which items expired or damaged in store
487,11.5,FAIL,0,,,REFUSED_DOMAIN,UniformIssueMaster,,,,SELECT COUNT(*) AS TotalUniformsSold FROM UniformIssueMaster uim WHERE YEAR(uim.IssuedDate) = YEAR(GETDATE()) AND uim.BranchID IN (SELECT Branch_Id FROM Branch_Academic_Details WHERE GETDATE() BETWEEN Start_Date AND End_Date AND Branch_Id IN (<scoping>)) AND (uim.IsDeleted = 0 OR uim.IsDeleted IS NULL),how many uniforms sold this year
485,9.0,FAIL,1,13.9,FAIL,FAIL_BOTH,,InventoryItem_Master.ASC; UserAccountRoleDetails.Branch_Id,,InventoryItem_Master.ReorderLevel,"SELECT iim.ItemName, iim.ItemCode FROM InventoryItem_Master iim WHERE iim.StockInHand < iim.ReorderLevel AND iim.BranchID IN (SELECT BranchID FROM UserAccountRoleDetails WHERE UserID = @UserId) AND (iim.IsDeleted IS NULL OR iim.IsDeleted = 0)",which items are low in stock need to order
484,8.8,FAIL,0,,,REFUSED_DOMAIN,LibraryBookMaster,UserAccountRoleDetails.Branch_Id,,,SELECT COUNT(*) AS BooksInStock FROM LibraryBookMaster lbm WHERE lbm.BranchID IN (SELECT Branch_Id FROM UserAccountRoleDetails WHERE UserID = @UserId) AND (lbm.IsDeleted = 0 OR lbm.IsDeleted IS NULL) AND lbm.StockAvailable > 0,how many books left in stock in library
483,12.6,FAIL,2,17.8,FAIL,FAIL_BOTH,BusMaster,UserAccountRoleDetails.Branch_Id,,VehicleMaster.PUC_Date,"SELECT vm.Vehicle_Number, vm.Registration_Number, vm.Insurance_Expiry_Date, vm.PUC_Date FROM VehicleMaster vm WHERE (vm.IsDeleted = 0 OR vm.IsDeleted IS NULL) AND vm.BranchID IN (SELECT BranchID FROM UserAccountRoleDetails WHERE UserID = @UserId) ORDER BY CASE WHEN vm.Insurance_Expiry_Date < GETDATE() THEN 1 ELSE 2 END, vm.Insurance_Expiry_Date",vehicle documents insurance puc expiry status all buses
481,9.8,FAIL,2,27.6,FAIL,FAIL_BOTH,DriverFeedback,UserAccountRoleDetails.Branch_Id,DriverFeedback,BoardingPoint_Master.DriverID; FeedbackTicket.Route_ID,"SELECT TOP 10 rt.DriverName, COUNT(*) AS Complaints FROM FeedbackTicket ft INNER JOIN Route_Master rm ON ft.Route_ID = rm.ID INNER JOIN Route_MasterDetails rmd ON rm.ID = rmd.Route_ID INNER JOIN BoardingPoint_Master bpm ON rmd.BoardingPoint_ID = bpm.Id INNER JOIN DriverMaster dm ON bpm.DriverID = dm.ID INNER JOIN DriverFeedback rf ON dm.ID = rf.DriverID AND CAST(GETDATE() AS DATE) BETWEEN rf.FeedbackFromDate AND rf.FeedbackToDate INNER JOIN UserAccountRoleDetails uard ON ft.Created_By = uard.UserId WHERE (ft.IsDeleted = 0 OR ft.IsDeleted IS NULL) AND ft.BranchID IN (SELECT BranchID FROM UserAccountRoleDetails WHERE UserID = @UserId) GROUP BY rt.DriverName ORDER BY COUNT(*) DESC",which driver has most complaints
478,11.4,PASS,0,,,PASS_FIRST,,,,,,students waiting for transport allocation
477,10.2,FAIL,2,23.5,PASS,PASS_RETRY,BusMaster,UserAccountRoleDetails.Branch_Id,,,"SELECT CASE WHEN bm.IsBusRequired = 1 THEN 'School Bus' ELSE 'Non-Bus' END AS VehicleType, vm.Vehicle_Number, vm.Registration_Number, vm.Make, vm.Model, vm.Seating_Capacity FROM VehicleMaster vm INNER JOIN Branch_Academic_Details b ON vm.AcademicYearID = b.Id WHERE (vm.IsDeleted = 0 OR vm.IsDeleted IS NULL) AND b.Branch_Id IN (SELECT BranchID FROM UserAccountRoleDetails WHERE UserId = @UserId) ORDER BY CASE WHEN bm.IsBusRequired = 1 THEN 'School Bus' ELSE 'Non-Bus' END, vm.Vehicle_Number",any bus due for servicing or fitness expiry
474,11.5,FAIL,2,21.0,FAIL,FAIL_BOTH,,FeesCollection_Details.Amount; FeesCollection_Details.Bill_Date,,FeesCollection_Details.TransportFeeName,"SELECT SUM(fcd.Fees_Amount) AS TotalBilled, SUM(fcd.Paid_Amt) AS TotalCollected FROM FeesCollection_Details fcd JOIN FeesCollection fc ON fcd.Fees_Collection_ID = fc.Id WHERE fcd.BranchID IN (SELECT BranchID FROM UserAccountRoleDetails WHERE UserID = @UserId AND IsDeleted = 0) AND fcd.TransportFeeName IS NOT NULL AND MONTH(fc.Bill_Date) = MONTH(GETDATE()) AND YEAR(fc.Bill_Date) = YEAR(GETDATE())",fuel expense this month for transport
460,15.4,FAIL,2,16.2,FAIL,FAIL_BOTH,,EmployeeMaster.ContractExpiryDate,,Staff_Master.ContractEndDate; Staff_Master.DesignationID,"SELECT sm.Staff_FirstName + ' ' + sm.Staff_LastName AS StaffName, sm.Staff_ID FROM Staff_Master sm WHERE sm.BranchID IN (SELECT BranchID FROM UserAccountRoleDetails WHERE UserID = @UserId) AND sm.DesignationID IS NOT NULL AND DATEDIFF(MONTH, GETDATE(), sm.ContractEndDate) <= 3 ORDER BY sm.ContractEndDate",staff whose contract expiring soon
457,7.9,FAIL,2,19.5,FAIL,FAIL_BOTH,,Staff_Master.Gender; UserAccountRoleDetails.Branch_Id,,Staff_Master.IsHold,"SELECT COUNT(CASE WHEN sm.Staff_Gender = 'Male' THEN 1 END) AS MaleStaff, COUNT(CASE WHEN sm.Staff_Gender = 'Female' THEN 1 END) AS FemaleStaff FROM Staff_Master sm INNER JOIN UserAccountRoleDetails uard ON sm.BranchID = uard.BranchID WHERE sm.StaffStatus_ID = 1 AND (sm.IsHold IS NULL OR sm.IsHold = 0) AND uard.UserID = @UserId",how many female vs male staff
452,10.3,FAIL,1,16.2,FAIL,FAIL_BOTH,,UserAccountRoleDetails.Branch_Id,StaffQualificationMaster,Staff_Master.ID,SELECT sm.Staff_FirstName + ' ' + sm.Staff_LastName AS TeacherName FROM Staff_Master sm WHERE (sm.IsDeleted = 0 OR sm.IsDeleted IS NULL) AND sm.StaffStatus_ID = 1 AND sm.BranchID IN (SELECT BranchID FROM UserAccountRoleDetails WHERE UserID = @UserId) AND NOT EXISTS (SELECT 1 FROM StaffQualificationMaster sqm WHERE sqm.Staff_ID = sm.ID),teachers without any qualification updated in system
438,9.6,FAIL,1,15.2,FAIL,FAIL_BOTH,,StudentAttendance.InformParent; UserAccountRoleDetails.Branch_Id,,StudentAttendance.InformParent,SELECT COUNT(*) AS AbsentWithoutInforming FROM StudentAttendance sa WHERE CAST(sa.Attendance_Date AS DATE) = CAST(GETDATE() AS DATE) AND sa.Attendance_Status_ID = 2 AND (sa.InformParent IS NULL OR sa.InformParent = 0) AND sa.BranchID IN (SELECT BranchID FROM UserAccountRoleDetails WHERE UserID = @UserId),how many students absent without informing today
432,21.3,FAIL,2,26.5,FAIL,FAIL_BOTH,,StudentAttendance.Attendance_Staff_ID; UserAccountRoleDetails.Branch_Id,,StudentAttendance.Attendance_Staff_ID,"SELECT sm.Staff_FirstName + ' ' + sm.Staff_LastName AS TeacherName, COUNT(*) AS DaysNotMarked FROM StudentAttendance sa INNER JOIN Staff_Master sm ON sa.Attendance_Staff_ID = sm.Staff_ID WHERE sa.BranchID IN (SELECT BranchID FROM UserAccountRoleDetails WHERE UserID = @UserId) AND sa.AcademicYearID IN (SELECT Id FROM Branch_Academic_Details WHERE GETDATE() BETWEEN Start_Date AND End_Date AND Branch_Id IN (SELECT BranchID FROM UserAccountRoleDetails WHERE UserID = @UserId)) AND sa.Attendance_Status_ID IS NULL GROUP BY sm.Staff_FirstName + ' ' + sm.Staff_LastName ORDER BY DaysNotMarked DESC",which teacher not marking attendance regularly
426,20.5,FAIL,3,27.0,FAIL,FAIL_BOTH,,StudentAttendance.InTime; UserAccountRoleDetails.Branch_Id,,StudentAttendance.InTime,"SELECT sm.AdmissionNo, ISNULL(sm.FirstName, '') + ' ' + ISNULL(sm.MiddleName, '') + ' ' + ISNULL(sm.LastName, '') AS StudentName, cm.Name AS ClassName, secm.Name AS SectionName FROM StudentAttendance sa JOIN Student_Master sm ON sa.Student_ID = sm.ID JOIN ClassMaster cm ON sa.Class_ID = cm.ID JOIN SectionMaster secm ON sa.Section_ID = secm.ID WHERE CAST(sa.Attendance_Date AS DATE) = CAST(GETDATE() AS DATE) AND sa.InTime > '09:00' AND sa.BranchID IN (SELECT BranchID FROM UserAccountRoleDetails WHERE UserID = @UserId) ORDER BY sa.InTime DESC",students who came late today
412,31.2,FAIL,5,36.3,FAIL,FAIL_BOTH,,StudentMarkDetails.MarksDate; UserAccountRoleDetails.Branch_Id,,StudentMarkDetails.ExamTypeID; StudentMarkDetails.MarksDate; StudentMarkDetails.SubjectTypeID,"SELECT MONTH(smd.MarksDate) AS MonthNo, DATENAME(MONTH, smd.MarksDate) AS MonthName, CAST(AVG(smd.Marks) AS DECIMAL(5,2)) AS AvgMarks FROM StudentMarkDetails smd INNER JOIN ExamTypeMaster etm ON smd.ExamTypeID = etm.ID WHERE smd.BranchID IN (SELECT BranchID FROM UserAccountRoleDetails WHERE UserID = @UserId AND IsDeleted = 0) AND smd.Deleted = 0 AND (smd.Others IS NULL OR smd.Others NOT IN ('NA', 'NT', 'OP')) AND smd.SubjectTypeID = 1 AND etm.IsDeleted = 0 GROUP BY MONTH(smd.MarksDate), DATENAME(MONTH, smd.MarksDate) ORDER BY MonthNo",average marks trend for class 8 whole year
410,17.3,FAIL,3,37.5,FAIL,FAIL_BOTH,Stream_Master,StudentMarkDetails.ClassName; StudentMarkMaster.StreamID,,StudentMarkDetails.Student_ID; Student_Master.AcademicYearID; Student_Master.ClassName; Student_Master.StreamName,"SELECT CASE WHEN sm.StreamName = 'Science' THEN 'Science' WHEN sm.StreamName = 'Commerce' THEN 'Commerce' WHEN sm.StreamName = 'Arts' THEN 'Arts' END AS Stream, CAST(AVG(smd.Marks) AS DECIMAL(5,2)) AS AvgMarks FROM StudentMarkDetails smd INNER JOIN StudentMarkMaster smm ON smd.HeaderID = smm.ID INNER JOIN Student_Master sm ON smd.Student_ID = sm.ID WHERE smd.Deleted = 0 AND (smd.Others IS NULL OR NOT smd.Others IN ('AB', 'NA', 'NT', 'OP')) AND sm.ClassName = 'Class 11' AND sm.AcademicYearID IN (SELECT Id FROM Branch_Academic_Details WHERE GETDATE() BETWEEN Start_Date AND End_Date AND Branch_Id IN (@UserId)) GROUP BY CASE WHEN sm.StreamName = 'Science' THEN 'Science' WHEN sm.StreamName = 'Commerce' THEN 'Commerce' WHEN sm.StreamName = 'Arts' THEN 'Arts' END ORDER BY AvgMarks DESC",which stream science commerce arts best result class 11
408,22.6,FAIL,6,37.4,FAIL,FAIL_BOTH,,StudentMarkDetails.Subject_ID; UserAccountRoleDetails.Branch_Id,,StudentMarkMaster.SubjectID,"SELECT cm.Name AS ClassName, sub.Name AS SubjectName, smd.StudentID, stm.AdmissionNo, ISNULL(stm.FirstName,'') + ' ' + ISNULL(stm.LastName,'') AS StudentName, smd.Marks, RANK() OVER (PARTITION BY sub.Id ORDER BY smd.Marks DESC) AS Rn FROM StudentMarkDetails smd JOIN StudentMarkMaster smm ON smd.HeaderID = smm.ID JOIN Student_Master stm ON smd.StudentID = stm.ID JOIN ClassMaster cm ON smm.ClassID = cm.ID JOIN Subject_Master sub ON smm.SubjectID = sub.Id WHERE smd.BranchID IN (SELECT BranchID FROM UserAccountRoleDetails WHERE UserID = @UserId) AND smd.Deleted = 0 AND (smd.Others IS NULL OR NOT smd.Others IN ('NA', 'NT', 'OP')) AND smm.Deleted = 0 AND cm.Name = 'Class 12' ORDER BY ClassName, SubjectName, Rn",top 3 students in each subject class 12
406,19.3,FAIL,4,24.3,PASS,PASS_RETRY,,UserAccountRoleDetails.Branch_Id,,,"SELECT CAST(AVG(smd.Marks) AS DECIMAL(5,2)) AS AvgMarks, MAX(smd.Marks) AS Highest, MIN(smd.Marks) AS Lowest FROM StudentMarkDetails smd INNER JOIN StudentMarkMaster smm ON smd.HeaderID = smm.ID WHERE smd.BranchID IN (SELECT BranchID FROM UserAccountRoleDetails WHERE UserID = @UserId AND RoleID IN (1, 2)) AND smd.Deleted = 0 AND (smd.Others IS NULL OR NOT smd.Others IN ('NA', 'NT', 'OP')) AND smm.Deleted = 0",performance of RTE students in exams overall
404,21.1,FAIL,2,25.9,FAIL,FAIL_BOTH,,ProgressCardDataRetrieval.TeacherID; UserAccountRoleDetails.Branch_Id,,ProgressCardDataRetrieval.Student_ID; Student_Master.Staff_FirstName; Student_Master.Staff_LastName,"SELECT sm.Staff_FirstName + ' ' + sm.Staff_LastName AS TeacherName, COUNT(DISTINCT pc.Student_ID) AS StudentsPending FROM ProgressCardDataRetrieval pc INNER JOIN Student_Master sm ON pc.Student_ID = sm.ID WHERE (pc.Marks IS NULL OR pc.Marks = '') AND (pc.MaxMarks IS NULL OR pc.MaxMarks = '') AND (pc.Others IS NULL OR pc.Others NOT IN ('AB', 'NT')) AND pc.BranchID IN (SELECT BranchID FROM UserAccountRoleDetails WHERE UserID = @UserId) AND pc.SubjectTypeID = 1 GROUP BY sm.Staff_FirstName, sm.Staff_LastName ORDER BY StudentsPending DESC",marks entry pending teacher wise show me
390,10.2,FAIL,2,17.0,FAIL,FAIL_BOTH,ExamProgressCardDataRetrieval,UserAccountRoleDetails.Branch_Id,,StudentMarkDetails.ExamTypeID,SELECT COUNT(*) AS UnEvaluatedPapers FROM StudentMarkDetails smd INNER JOIN ExamTypeMaster etm ON smd.ExamTypeID = etm.ID WHERE (smd.Marks IS NULL OR smd.Marks = '') AND smd.BranchID IN (SELECT BranchID FROM UserAccountRoleDetails WHERE UserID = @UserId) AND smd.Deleted = 0 AND etm.IsDeleted = 0,how many exam papers still not evaluated
388,20.3,FAIL,5,27.2,PASS,PASS_RETRY,,ExamConfigurationEvaluationDetails.SubjectID; Subject_Master.SubjectTypeID; UserAccountRoleDetails.Branch_Id,,,"SELECT cm.Name AS Stream, CAST(AVG(smd.Marks) AS DECIMAL(5,2)) AS AvgMarks FROM StudentMarkDetails smd JOIN StudentMarkMaster smm ON smd.HeaderID = smm.ID JOIN ClassMaster cm ON smm.ClassID = cm.ID WHERE smd.BranchID IN (SELECT BranchID FROM UserAccountRoleDetails WHERE UserID = @UserId) AND smd.Deleted = 0 AND (smd.Others IS NULL OR NOT smd.Others IN ('AB', 'NA', 'NT')) AND cm.Name IN ('Class 11 Commerce', 'Class 11 Science') GROUP BY cm.Name",class 11 commerce vs science average marks
382,51.5,FAIL,3,33.6,FAIL,FAIL_BOTH,,StudentMarkMaster.IsDeleted; StudentMarkMaster.Student_ID; UserAccountRoleDetails.Branch_Id,,StudentMarkMaster.IsDeleted,"SELECT cm.Name AS ClassName, secm.Name AS SectionName FROM ClassMaster cm CROSS JOIN SectionMaster secm WHERE (cm.IsDeleted = 0 OR cm.IsDeleted IS NULL) AND cm.ID IN (SELECT DISTINCT sad.ClassID FROM StudentAcademicDetail sad WHERE (sad.IsTCIssued = 0 OR sad.IsTCIssued IS NULL) AND sad.AcademicYearID IN (SELECT Id FROM Branch_Academic_Details WHERE GETDATE() BETWEEN Start_Date AND End_Date AND Branch_Id IN (@UserId))) AND NOT EXISTS (SELECT 1 FROM StudentMarkMaster smm INNER JOIN StudentMarkDetails smd ON smm.ID = smd.HeaderID WHERE smm.ClassID = cm.ID AND smm.SectionID = secm.ID AND (smm.IsDeleted = 0 OR smm.IsDeleted IS NULL) AND smd.BranchID IN (@UserId)) ORDER BY cm.Name, secm.Name",result not entered for which classes yet?
377,13.1,FAIL,3,19.4,FAIL,FAIL_BOTH,,StudentMarkDetails.IsRepeating; UserAccountRoleDetails.Branch_Id,,StudentMarkDetails.ExamTypeID; StudentMarkDetails.Student_ID,"SELECT COUNT(DISTINCT smd.Student_ID) AS ReappearingStudents FROM StudentMarkDetails smd INNER JOIN ExamTypeMaster etm ON smd.ExamTypeID = etm.ID WHERE (smd.Others IS NULL OR smd.Others NOT IN ('AB', 'NA', 'NT', 'OP')) AND etm.Name LIKE '%Reape%' AND smd.BranchID IN (SELECT BranchID FROM UserAccountRoleDetails WHERE UserID = @UserId)",how many reappear or supplementary cases this exam
376,31.2,FAIL,4,43.6,FAIL,FAIL_BOTH,,StudentAcademicDetail.AttendancePercent; StudentMarkDetails.IsDeleted; StudentMarkDetails.SubjectID; UserAccountRoleDetails.Branch_Id,,ExamConfigurationEvaluationDetails.EvalHierID; StudentMarkDetails.ExamTypeID; StudentMarkDetails.IsDeleted,"SELECT CASE WHEN smd.Marks >= eced.MinMark THEN 'Topper' ELSE 'Failure' END AS Category, CAST(COUNT(DISTINCT sad.StudentID) AS FLOAT) AS StudentCount FROM StudentAcademicDetail sad JOIN Student_Master sm ON sad.StudentID = sm.ID JOIN ClassMaster cm ON sad.ClassID = cm.ID JOIN SectionMaster secm ON sad.SectionID = secm.ID JOIN StudentMarkDetails smd ON smd.StudentID = sad.StudentID AND (smd.IsDeleted = 0 OR smd.IsDeleted IS NULL) JOIN ExamTypeMaster et ON smd.ExamTypeID = et.ID JOIN ExamConfigurationEvaluationDetails eced ON eced.EvalHierID = smd.EvalHierID WHERE (sad.IsTCIssued = 0 OR sad.IsTCIssued IS NULL) AND sad.AcademicYearID IN (SELECT Id FROM Branch_Academic_Details WHERE GETDATE() BETWEEN Start_Date AND End_Date AND Branch_Id IN (@UserId)) AND et.BranchID IN (@UserId) GROUP BY CASE",average attendance of toppers vs failures any pattern?
375,21.4,FAIL,4,32.2,FAIL,FAIL_BOTH,,StudentMarkMaster.SubjectName,,StudentMarkMaster.SubjectName,"SELECT smd.StudentID, stm.AdmissionNo, ISNULL(stm.FirstName,'') + ' ' + ISNULL(stm.LastName,'') AS StudentName, cm.Name AS ClassName, secm.Name AS SectionName, smd.Marks FROM StudentMarkDetails smd INNER JOIN StudentMarkMaster smm ON smd.HeaderID = smm.ID INNER JOIN Student_Master stm ON smd.StudentID = stm.ID INNER JOIN ClassMaster cm ON smm.ClassID = cm.ID INNER JOIN SectionMaster secm ON smm.SectionID = secm.ID WHERE smd.Deleted = 0 AND (smd.Others IS NULL OR NOT smd.Others IN ('AB', 'NA', 'NT')) AND smm.SubjectName = 'Science' AND smd.Marks < 33 AND smd.BranchID IN (SELECT BranchID FROM UserAccountRoleDetails WHERE UserID = @UserId) ORDER BY cm.Name, secm.Name",students scoring less than 33 in science
374,27.2,FAIL,5,30.4,FAIL,FAIL_BOTH,,UserAccountRoleDetails.Branch_Id,,StudentMarkDetails.Student_ID,"SELECT COUNT(DISTINCT sad.StudentID) AS TotalStudents, CAST(AVG(smd.Marks) AS DECIMAL(5,2)) AS AvgMarks, MAX(smd.Marks) AS HighestMarks, MIN(smd.Marks) AS LowestMarks FROM StudentMarkDetails smd JOIN StudentMarkMaster smm ON smd.HeaderID = smm.ID JOIN StudentAcademicDetail sad ON smd.Student_ID = sad.StudentID JOIN ClassMaster c ON sad.ClassID = c.ID WHERE smd.BranchID IN (SELECT BranchID FROM UserAccountRoleDetails WHERE UserID = @UserId) AND smd.Deleted = 0 AND (smd.Others IS NULL OR NOT smd.Others IN ('NA', 'NT', 'OP')) AND smm.Deleted = 0 AND c.Name = 'Class 6'",class 6 result summary quick
371,20.6,FAIL,2,23.3,FAIL,FAIL_BOTH,,ProgressCardDataRetrieval.StaffName; UserAccountRoleDetails.Branch_Id,,ProgressCardDataRetrieval.StaffName,"SELECT TOP 1 pc.StaffName AS TeacherName, cm.Name AS ClassName, CAST(AVG(pc.Marks) AS DECIMAL(5,2)) AS AvgMarks FROM ProgressCardDataRetrieval pc JOIN ClassMaster cm ON pc.ClassID = cm.ID WHERE pc.BranchID IN (SELECT BranchID FROM UserAccountRoleDetails WHERE UserID = @UserId AND IsDeleted = 0) AND pc.SubjectTypeID = 1 AND (pc.IsDeleted IS NULL OR pc.IsDeleted = 0) GROUP BY pc.StaffName, cm.Name ORDER BY AvgMarks DESC",which teacher's class scored best in her subject
365,25.0,PASS,0,,,PASS_FIRST,,,,,,how many absent in the last unit test
362,22.6,FAIL,5,35.1,FAIL,FAIL_BOTH,,StudentMarkDetails.Subject_ID; StudentMarkMaster.TermName; UserAccountRoleDetails.Branch_Id,,StudentMarkDetails.IsDeleted; StudentMarkDetails.SubjectName,"SELECT secm.Name AS SectionName, CAST(AVG(smd.Marks) AS DECIMAL(5,2)) AS AvgMarks FROM StudentMarkDetails smd JOIN StudentMarkMaster smm ON smd.HeaderID = smm.ID JOIN ClassMaster c ON smm.ClassID = c.ID JOIN SectionMaster secm ON smm.SectionID = secm.ID WHERE (smd.IsDeleted IS NULL OR smd.IsDeleted = 0) AND smd.BranchID IN (SELECT BranchID FROM UserAccountRoleDetails WHERE UserID = @UserId) AND smd.AcademicYearID IN (SELECT Id FROM Branch_Academic_Details WHERE GETDATE() BETWEEN Start_Date AND End_Date AND Branch_Id IN (SELECT BranchID FROM UserAccountRoleDetails WHERE UserID = @UserId)) AND c.Name = 'Class 10' AND smd.SubjectName = 'Science' GROUP BY secm.Name ORDER BY AvgMarks DESC",which section performed better in science 10A or 10B
361,22.4,FAIL,5,31.7,FAIL,FAIL_BOTH,,StudentMarkDetails.Subject_ID; Subject_Master.StreamName; UserAccountRoleDetails.Branch_Id,,ExamConfigurationEvaluationDetails.SubjectID; StudentMarkDetails.ClassID; StudentMarkDetails.IsDeleted; Subject_Master.StreamName,"SELECT CAST(AVG(smd.Marks) AS DECIMAL(5,2)) AS AvgMarks, MAX(smd.Marks) AS Highest, MIN(smd.Marks) AS Lowest FROM StudentMarkDetails smd INNER JOIN ExamConfigurationEvaluationDetails eced ON smd.EvalHierID = eced.ID INNER JOIN Subject_Master sub ON eced.SubjectID = sub.Id INNER JOIN ClassMaster cm ON smd.ClassID = cm.ID WHERE (smd.IsDeleted = 0 OR smd.IsDeleted IS NULL) AND smd.Others NOT IN ('AB', 'NA', 'NT', 'OP') AND sub.StreamName = 'Science' AND cm.Name = 'Class 12' AND smd.BranchID IN (SELECT BranchID FROM UserAccountRoleDetails WHERE UserID = @UserId)",result analysis of class 12 science stream
355,16.3,FAIL,3,29.0,FAIL,FAIL_BOTH,,StudentMarkMaster.Marks; StudentMarkMaster.Others; StudentMarkMaster.StudentID,,StudentMarkMaster.MinMark,"SELECT COUNT(DISTINCT sad.StudentID) AS FailedStudents FROM StudentAcademicDetail sad JOIN ClassMaster cm ON sad.ClassID = cm.ID WHERE sad.AcademicYearID IN (SELECT Id FROM Branch_Academic_Details WHERE GETDATE() BETWEEN Start_Date AND End_Date AND Branch_Id IN (@UserId)) AND cm.Name = 'Class 8' AND sad.IsActive = 1 AND EXISTS (SELECT 1 FROM StudentMarkDetails smd INNER JOIN StudentMarkMaster smm ON smd.HeaderID = smm.ID WHERE smd.StudentID = sad.StudentID AND smd.Marks < smm.MinMark AND (smd.Others IS NULL OR smd.Others NOT IN ('AB', 'NA', 'NT')) AND smm.Deleted = 0)",how many students failed in any subject class 8
350,14.0,FAIL,3,23.6,PASS,PASS_RETRY,,FeesCollection_Details.Branch_ID; FeesCollection_Details.WriteOff_Amt,,,"SELECT SUM(fc.Receipt_Amt) AS TotalReceipts, COUNT(DISTINCT fc.Student_ID) AS StudentCount FROM FeesCollection fc WHERE fc.BranchID IN (SELECT BranchID FROM UserAccountRoleDetails WHERE UserID = @UserId) AND fc.AcademicYearID IN (SELECT Id FROM Branch_Academic_Details WHERE GETDATE() BETWEEN Start_Date AND End_Date AND Branch_Id IN (SELECT BranchID FROM UserAccountRoleDetails WHERE UserID = @UserId)) AND (fc.IsDeleted = 0 OR fc.IsDeleted IS NULL) AND fc.ChequeStatus_ID NOT IN (3, 4)",how much money in fees we wrote off as bad debt
347,18.2,FAIL,2,23.0,FAIL,FAIL_BOTH,,FeesCollection_Details.Amount,,FeesCollection.Branch_Id; FeesCollection_Details.Part_Id,"SELECT SUM(fcd.Fees_Amount) AS TotalSecondInstallment FROM FeesCollection fc JOIN FeesCollection_Details fcd ON fcd.Fees_Collection_ID = fc.Id WHERE fcd.Part_Id = 2 AND DATEPART(MONTH, fc.Bill_Date) = DATEPART(MONTH, GETDATE()) AND DATEPART(YEAR, fc.Bill_Date) = DATEPART(YEAR, GETDATE()) AND (fc.IsDeleted IS NULL OR fc.IsDeleted = 0) AND fc.ChequeStatus_ID NOT IN (3, 4) AND fc.Branch_Id IN (SELECT BranchID FROM UserAccountRoleDetails WHERE UserId = @UserId)",how much second installment is due this month total
346,23.3,FAIL,1,18.8,PASS,PASS_RETRY,,Student_Master.ConcessionCategory_ID,,,"SELECT cm.Name AS CategoryName, COUNT(DISTINCT sad.StudentID) AS StudentCount FROM StudentAcademicDetail sad JOIN Student_Master sm ON sad.StudentID = sm.ID JOIN ClassMaster cm ON sad.ClassID = cm.ID WHERE (sad.IsTCIssued = 0 OR sad.IsTCIssued IS NULL) AND sad.AcademicYearID IN (SELECT Id FROM Branch_Academic_Details WHERE GETDATE() BETWEEN Start_Date AND End_Date AND Branch_Id IN (@UserId)) GROUP BY cm.Name ORDER BY COUNT(DISTINCT sad.StudentID) DESC",fee concession category wise breakup staff sibling rte merit
342,16.2,FAIL,5,25.5,FAIL,FAIL_BOTH,,FeesCollection_Details.ReminderNo; UserAccountRoleDetails.Branch_Id,,FeesCollection_Details.ReminderNo,"SELECT COUNT(DISTINCT fc.Student_ID) AS StudentsPaidAfterReminder FROM FeesCollection_Details fcd JOIN FeesCollection fc ON fcd.Fees_Collection_ID = fc.Id JOIN StudentAcademicDetail sad ON fc.Student_ID = sad.StudentID AND fc.AcademicYearID = sad.AcademicYearID WHERE fcd.BranchID IN (SELECT BranchID FROM UserAccountRoleDetails WHERE UserID = @UserId) AND fc.ChequeStatus_ID IN (1, 2) AND (fc.IsDeleted = 0 OR fc.IsDeleted IS NULL) AND sad.IsActive = 1 AND fcd.ReminderNo > 0",how many reminders sent and how many paid after that
333,12.5,FAIL,2,17.8,FAIL,FAIL_BOTH,,StudentAcademicDetail.RemainingSecurityDeposit; StudentAcademicDetail.SecurityDepositAmount,,Student_Master.RemainingSecurityDeposit; Student_Master.SecurityDepositAmount,"SELECT SUM(sm.SecurityDepositAmount) AS TotalCollected, SUM(sm.RemainingSecurityDeposit) AS TotalRefundable FROM StudentAcademicDetail sad JOIN Student_Master sm ON sad.StudentID = sm.ID WHERE (sad.IsTCIssued = 0 OR sad.IsTCIssued IS NULL) AND sad.AcademicYearID IN (SELECT Id FROM Branch_Academic_Details WHERE GETDATE() BETWEEN Start_Date AND End_Date AND Branch_Id IN (@UserId))",total security deposit collected and refundable
316,22.8,FAIL,2,30.6,FAIL,FAIL_BOTH,,BusFeeStrucure.Concession_Amt; BusFeeStrucure.IsDonation; BusFeeStrucure.IsIncludedInLumpSum; UserAccountRoleDetails.Branch_Id,,BusFeeStrucure.Concession_Amt; BusFeeStrucure.IsDonation; BusFeeStrucure.IsIncludedInLumpSum; BusFeeStrucure.Lien_Amount; BusFeeStrucure.Paid_Amt,"SELECT bfs.Route_ID, SUM(bfs.Amount - ISNULL(bfs.Concession_Amt, 0) - ISNULL(bfs.Paid_Amt, 0) - ISNULL(bfs.Lien_Amount, 0)) AS Outstanding FROM BusFeeStrucure bfs WHERE bfs.IsIncludedInLumpSum <> 1 AND bfs.IsDonation = 0 AND bfs.BranchID IN (SELECT BranchID FROM UserAccountRoleDetails WHERE UserID = @UserId) AND bfs.AcademicYearID IN (SELECT Id FROM Branch_Academic_Details WHERE GETDATE() BETWEEN Start_Date AND End_Date AND Branch_Id IN (SELECT BranchID FROM UserAccountRoleDetails WHERE UserID = @UserId)) GROUP BY bfs.Route_ID ORDER BY Outstanding DESC",how much transport fee pending route wise
315,28.2,FAIL,5,28.1,FAIL,FAIL_BOTH,,UserAccountRoleDetails.Branch_Id,,FeesCollection_Details.IsDeleted,"SELECT fc.Bill_No, fc.Bill_Date, sm.FirstName + ' ' + sm.LastName AS StudentName, fcd.Fees_Head_ID, fm.Name AS FeeType_Name, ISNULL(fcd.Concession_Amount, 0) AS ConcessionAmount FROM FeesCollection_Details fcd JOIN FeesCollection fc ON fcd.Fees_Collection_ID = fc.Id JOIN Fees_Master fm ON fcd.Fees_Head_ID = fm.ID JOIN Student_Master sm ON fc.Student_ID = sm.ID WHERE fcd.BranchID IN (SELECT BranchID FROM UserAccountRoleDetails WHERE UserID = @UserId) AND fcd.IsDeleted = 0 AND ISNULL(fcd.Concession_Amount, 0) > 0 ORDER BY ConcessionAmount DESC",any concession given without approval? i want to check
300,25.4,FAIL,5,31.0,FAIL,FAIL_BOTH,,FeesCollection_Details.Student_ID; FeesInformationStudentDetail.Fees_Collection_ID; UserAccountRoleDetails.Branch_Id,,FeesCollection_Details.IsDonation; FeesCollection_Details.IsIncludedInLumpSum; FeesCollection_Details.Student_ID,"SELECT COUNT(DISTINCT fcd.Student_ID) AS SiblingDiscountStudents, SUM(fcd.Paid_Amt) AS TotalAmount FROM FeesCollection_Details fcd JOIN FeesCollection fc ON fcd.Fees_Collection_ID = fc.Id WHERE fcd.BranchID IN (SELECT BranchID FROM UserAccountRoleDetails WHERE UserID = @UserId) AND fc.AcademicYearID IN (SELECT Id FROM Branch_Academic_Details WHERE GETDATE() BETWEEN Start_Date AND End_Date AND Branch_Id IN (SELECT BranchID FROM UserAccountRoleDetails WHERE UserID = @UserId)) AND fcd.IsIncludedInLumpSum <> 1 AND fcd.IsDonation = 0 AND fc.Bill_Date >= DATEADD(MONTH, -6, GETDATE())",how many siblings getting sibling discount and total amount
299,10.5,FAIL,2,12.8,PASS,PASS_RETRY,,FeesCollection_Details.Branch_ID,,,SELECT SUM(fcd.Concession_Amount) AS rte_concession FROM FeesCollection_Details fcd JOIN Fees_Master fm ON fcd.Fees_Head_ID = fm.ID WHERE fm.Name LIKE '%RTE%' AND fcd.BranchID IN (SELECT BranchID FROM UserAccountRoleDetails WHERE UserID = @UserId),total fees waived off due to rte
292,10.4,FAIL,0,11.0,FAIL,FAIL_BOTH,,StudentAcademicDetail.InstallmentPlanName,,StudentAcademicDetail.InstallmentPlanName,SELECT COUNT(DISTINCT sad.StudentID) AS InstallmentStudents FROM StudentAcademicDetail sad WHERE sad.AcademicYearID IN (SELECT Id FROM Branch_Academic_Details WHERE GETDATE() BETWEEN Start_Date AND End_Date AND Branch_Id IN (@UserId)) AND sad.InstallmentPlanName IS NOT NULL,how many students on installment plan currently
291,18.5,FAIL,2,21.2,PASS,PASS_RETRY,,Fees_Master.IsTransportFee; UserAccountRoleDetails.Branch_Id,,,"SELECT SUM(fcd.Paid_Amt) AS TuitionFeeCollection FROM FeesCollection fc JOIN FeesCollection_Details fcd ON fcd.Fees_Collection_ID = fc.Id JOIN Fees_Master fm ON fcd.Fees_Head_ID = fm.ID WHERE (fc.IsDeleted IS NULL OR fc.IsDeleted = 0) AND fc.ChequeStatus_ID IN (1, 2) AND fm.Name LIKE '%Tuition%' AND fc.BranchID IN (SELECT BranchID FROM UserAccountRoleDetails WHERE UserID = @UserId)",total tuition fee collection excluding transport
289,16.5,FAIL,2,17.9,FAIL,FAIL_BOTH,,FeesCollection.Gross_Amount; FeesCollection.Total_Amt; UserAccountRoleDetails.Branch_Id,,FeesCollection.Gross_Amount; FeesCollection.NetPay,"SELECT SUM(fc.Gross_Amount - fc.NetPay) AS TotalDiscount FROM FeesCollection fc WHERE fc.BranchID IN (SELECT BranchID FROM UserAccountRoleDetails WHERE UserID = @UserId AND RoleID = 1) AND fc.IsDeleted = 0 AND fc.Bill_Date >= DATEADD(YEAR, DATEDIFF(YEAR, 0, GETDATE()), 0)","how much discount we have given in total, is it too much?"
286,16.9,FAIL,4,25.7,FAIL,FAIL_BOTH,,UserAccountRoleDetails.Branch_Id,,FeesCollection.FeesType_Name; FeesCollection.Role_ID,"SELECT ISNULL(SUM(fc.Receipt_Amt), 0) AS AdmissionFeeCollected FROM FeesCollection fc WHERE fc.BranchID IN (SELECT BranchID FROM UserAccountRoleDetails WHERE UserID = @UserId AND Role_ID IN (1, 2)) AND fc.AcademicYearID IN (SELECT Id FROM Branch_Academic_Details WHERE GETDATE() BETWEEN Start_Date AND End_Date AND Branch_Id IN (SELECT BranchID FROM UserAccountRoleDetails WHERE UserID = @UserId AND Role_ID IN (1, 2))) AND fc.FeesType_Name LIKE '%Admission%' AND (fc.IsDeleted IS NULL OR fc.IsDeleted = 0) AND fc.ChequeStatus_ID NOT IN (3, 4)",how much admission fee collected for new admissions this year
278,23.0,FAIL,5,33.4,FAIL,FAIL_BOTH,,FeesCollection_Details.ExtraCharges; UserAccountRoleDetails.Branch_Id,,FeesCollection_Details.IsDonation; FeesCollection_Details.IsIncludedInLumpsum,"SELECT fc.Bill_No, sm.FirstName + ' ' + sm.LastName AS StudentName, fcd.Fees_Head_ID, SUM(fcd.Paid_Amt) AS TotalPaid, SUM(fcd.Concession_Amount) AS TotalConcession FROM FeesCollection_Details fcd JOIN FeesCollection fc ON fcd.Fees_Collection_ID = fc.Id JOIN Student_Master sm ON fc.Student_ID = sm.ID WHERE fcd.BranchID IN (SELECT BranchID FROM UserAccountRoleDetails WHERE UserID = @UserId) AND fcd.IsIncludedInLumpsum <> 1 AND fcd.IsDonation = 0 AND fcd.Paid_Amt > 0 GROUP BY fc.Bill_No, sm.FirstName + ' ' + sm.LastName, fcd.Fees_Head_ID HAVING SUM(fcd.Paid_Amt) - ISNULL(SUM(fcd.Concession_Amount), 0) > 0 ORDER BY TotalPaid DESC","is there any student paid extra by mistake, refund pending?"
277,9.8,FAIL,1,14.0,FAIL,FAIL_BOTH,,StudentAcademicDetail.Scholarship_Amount,,StudentAcademicDetail.Scholarship_Amount,SELECT SUM(sad.Scholarship_Amount) AS TotalScholarship FROM StudentAcademicDetail sad JOIN Branch_Academic_Details bad ON sad.AcademicYearID = bad.Id WHERE GETDATE() BETWEEN bad.Start_Date AND bad.End_Date AND bad.Branch_Id IN (SELECT BranchID FROM UserAccountRoleDetails WHERE UserID = @UserId),how much scholarship amount we given this year
